latitude;longitude;altitude;azimuth;slope;dvdone;dvrest;kmdone;kmto;cpnumero;cptype;sumcategory
37.777809;-3.741139;394;0;1;0;4059;0;154.3;3;real;
37.777822;-3.740002;394;0;1;1;4058;0.1;154.2;;;
37.777681;-3.738885;396;0;1;2;4057;0.2;154.1;;;
37.777437;-3.737790;397;0;1;3;4056;0.3;154;;;
37.777401;-3.736666;398;0;0;4;4055;0.4;153.9;;;
37.777572;-3.735549;397;0;0;4;4055;0.5;153.8;;;
37.777888;-3.734487;397;0;0;4;4055;0.6;153.7;;;
37.778297;-3.733474;398;0;1;4;4055;0.7;153.6;;;
37.778891;-3.732629;399;0;1;5;4054;0.8;153.5;;;
37.779667;-3.732067;400;0;1;7;4052;0.9;153.4;;;
37.780533;-3.731764;401;0;1;8;4051;1;153.3;;;
37.781375;-3.731375;402;0;1;9;4050;1.1;153.2;;;
37.782127;-3.730765;404;0;2;10;4049;1.2;153.1;;;
37.782758;-3.729954;405;0;2;12;4047;1.3;153;;;
37.783413;-3.729179;407;0;2;14;4045;1.4;152.9;;;
37.784187;-3.728611;410;0;3;16;4043;1.5;152.8;;;
37.785040;-3.728252;412;0;3;19;4040;1.6;152.7;;;
37.785896;-3.727900;415;0;3;22;4037;1.7;152.6;;;
37.786751;-3.727549;419;0;4;26;4033;1.8;152.5;;;
37.787606;-3.727198;423;0;5;30;4029;1.9;152.4;;;
37.788462;-3.726847;428;0;5;35;4024;2;152.3;;;
37.789328;-3.726544;433;0;6;40;4019;2.1;152.2;;;
37.790223;-3.726491;439;0;5;46;4013;2.2;152.1;;;
37.791122;-3.726528;443;0;4;50;4009;2.3;152;;;
37.792020;-3.726512;447;0;4;54;4005;2.4;151.9;;;
37.792891;-3.726260;451;0;3;58;4001;2.5;151.8;;;
37.793717;-3.725811;454;0;2;60;3999;2.6;151.7;;;
37.794537;-3.725343;455;0;1;62;3997;2.7;151.6;;;
37.795356;-3.724874;456;0;1;63;3996;2.8;151.5;;;
37.796109;-3.724262;457;0;0;64;3995;2.9;151.4;;;
37.796690;-3.723397;457;0;-1;64;3995;3;151.3;;;
37.797107;-3.722390;455;0;-1;64;3995;3.1;151.2;;;
37.797533;-3.721391;454;0;-1;64;3995;3.2;151.1;;;
37.798131;-3.720546;453;0;-1;64;3995;3.3;151;;;
37.798836;-3.719847;452;0;0;64;3995;3.4;150.9;4;;
37.799251;-3.718870;453;0;1;64;3995;3.5;150.8;;;
37.799571;-3.717806;454;0;1;65;3994;3.6;150.7;;;
37.799890;-3.716742;455;0;2;66;3993;3.7;150.6;;;
37.800210;-3.715679;457;0;2;68;3991;3.8;150.5;;;
37.800530;-3.714615;459;0;2;70;3989;3.9;150.4;;;
37.800849;-3.713551;461;0;3;73;3986;4;150.3;;;
37.801169;-3.712487;464;0;3;75;3984;4.1;150.2;;;
37.801347;-3.711376;467;0;3;78;3981;4.2;150.1;;;
37.801234;-3.710255;470;0;3;82;3977;4.3;150;;;
37.800935;-3.709182;474;0;4;85;3974;4.4;149.9;;;
37.800635;-3.708109;478;0;4;89;3970;4.5;149.8;;;
37.800340;-3.707033;481;0;4;93;3966;4.6;149.7;;;
37.800155;-3.705924;485;0;3;96;3963;4.7;149.6;;;
37.800189;-3.704793;488;0;3;100;3959;4.8;149.5;;;
37.800486;-3.703720;492;0;4;103;3956;4.9;149.4;;;
37.800828;-3.702668;496;0;4;107;3952;5;149.3;;;
37.801031;-3.701566;499;0;3;110;3949;5.1;149.2;;;
37.800962;-3.700435;502;0;3;113;3946;5.2;149.1;;;
37.800650;-3.699369;504;0;2;116;3943;5.3;149;;;
37.800368;-3.698290;506;0;2;118;3941;5.4;148.9;;;
37.800250;-3.697164;508;0;1;120;3939;5.5;148.8;;;
37.800318;-3.696033;509;0;1;121;3938;5.6;148.7;;;
37.800551;-3.694935;510;0;0;121;3938;5.7;148.6;;;
37.800946;-3.693915;510;0;1;122;3937;5.8;148.5;;;
37.801276;-3.692858;511;0;1;123;3936;5.9;148.4;;;
37.801444;-3.691742;512;0;1;124;3935;6;148.3;;;
37.801567;-3.690614;513;0;1;125;3934;6.1;148.2;;;
37.801681;-3.689485;515;0;1;126;3933;6.2;148.1;;;
37.801795;-3.688356;516;0;1;127;3932;6.3;148;;;
37.801909;-3.687227;517;0;1;129;3930;6.4;147.9;;;
37.802058;-3.686107;518;0;1;130;3929;6.5;147.8;;;
37.802381;-3.685048;519;0;1;131;3928;6.6;147.7;;;
37.802764;-3.684018;520;0;0;131;3928;6.7;147.6;;;
37.803163;-3.682998;520;0;0;131;3928;6.8;147.5;;;
37.803549;-3.681970;519;0;0;131;3928;6.9;147.4;;;
37.803870;-3.680909;519;0;0;131;3928;7;147.3;;;
37.804138;-3.679823;519;0;0;131;3928;7.1;147.2;;;
37.804405;-3.678736;519;0;0;131;3928;7.2;147.1;;;
37.804673;-3.677650;519;0;1;132;3927;7.3;147;;;
37.804939;-3.676562;521;0;2;133;3926;7.4;146.9;;;
37.805190;-3.675470;523;0;3;135;3924;7.5;146.8;;;
37.805289;-3.674348;526;0;3;139;3920;7.6;146.7;;;
37.805261;-3.673210;529;0;3;141;3918;7.7;146.6;;;
37.805208;-3.672074;532;0;4;145;3914;7.8;146.5;;;
37.804959;-3.670985;536;0;4;149;3910;7.9;146.4;;;
37.804526;-3.669992;541;0;4;153;3906;8;146.3;;;
37.803899;-3.669183;545;0;4;158;3901;8.1;146.2;;;
37.803171;-3.668516;549;0;4;162;3897;8.2;146.1;;;
37.802430;-3.667872;553;0;3;165;3894;8.3;146;;;
37.801678;-3.667248;556;0;3;168;3891;8.4;145.9;;;
37.800923;-3.666628;559;0;3;171;3888;8.5;145.8;;;
37.800184;-3.665980;562;0;3;175;3884;8.6;145.7;;;
37.799612;-3.665122;566;0;3;178;3881;8.7;145.6;;;
37.799476;-3.664013;569;0;3;182;3877;8.8;145.5;;;
37.799798;-3.662964;571;0;2;184;3875;8.9;145.4;;;
37.800369;-3.662086;573;0;2;185;3874;9;145.3;;;
37.800951;-3.661219;575;0;3;188;3871;9.1;145.2;5;;
37.800733;-3.660232;579;0;3;191;3868;9.2;145.1;;;
37.800382;-3.659184;581;0;3;194;3865;9.3;145;;;
37.800052;-3.658126;584;0;3;196;3863;9.4;144.9;;;
37.799721;-3.657067;587;0;3;199;3860;9.5;144.8;;;
37.799394;-3.656007;590;0;3;203;3856;9.6;144.7;;;
37.799067;-3.654947;594;0;4;206;3853;9.7;144.6;;;
37.798740;-3.653887;598;0;5;210;3849;9.8;144.5;;;
37.798566;-3.652778;603;0;6;216;3843;9.9;144.4;;;
37.798721;-3.651663;609;0;6;222;3837;10;144.3;;;
37.798380;-3.650656;615;0;5;227;3832;10.1;144.2;;;
37.797837;-3.649749;619;0;5;232;3827;10.2;144.1;;;
37.797281;-3.648856;624;0;5;236;3823;10.3;144;;;
37.796629;-3.648072;629;0;5;242;3817;10.4;143.9;;;
37.795970;-3.647298;635;0;6;247;3812;10.5;143.8;;;
37.795268;-3.646589;641;0;6;253;3806;10.6;143.7;;;
37.794521;-3.645956;646;0;5;259;3800;10.7;143.6;;;
37.793772;-3.645326;651;0;5;264;3795;10.8;143.5;;;
37.793023;-3.644695;656;0;5;269;3790;10.9;143.4;;;
37.792391;-3.643911;661;0;6;274;3785;11;143.3;;;
37.792226;-3.642807;668;0;5;280;3779;11.1;143.2;;;
37.792272;-3.641671;673;0;4;285;3774;11.2;143.1;;;
37.792321;-3.640534;677;0;5;290;3769;11.3;143;;;
37.792411;-3.639403;682;0;5;294;3765;11.4;142.9;;;
37.792553;-3.638279;686;0;4;299;3760;11.5;142.8;;;
37.792479;-3.637153;690;0;4;303;3756;11.6;142.7;;;
37.792279;-3.636044;693;0;3;306;3753;11.7;142.6;;;
37.792100;-3.634929;696;0;3;309;3750;11.8;142.5;;;
37.792026;-3.633795;698;0;2;311;3748;11.9;142.4;;;
37.791964;-3.632659;700;0;2;313;3746;12;142.3;;;
37.791886;-3.631526;702;0;2;315;3744;12.1;142.2;;;
37.791789;-3.630395;704;0;2;317;3742;12.2;142.1;;;
37.791562;-3.629301;705;0;1;318;3741;12.3;142;;;
37.791154;-3.628287;707;0;1;319;3740;12.4;141.9;;;
37.790752;-3.627269;708;0;2;321;3738;12.5;141.8;;;
37.790441;-3.626202;710;0;2;322;3737;12.6;141.7;;;
37.790169;-3.625117;712;0;2;324;3735;12.7;141.6;;;
37.789897;-3.624032;713;0;2;326;3733;12.8;141.5;;;
37.789486;-3.623053;717;0;5;329;3730;12.9;141.4;;;
37.789461;-3.622004;723;0;5;335;3724;13;141.3;;;
37.789264;-3.620893;727;0;4;339;3720;13.1;141.2;;;
37.789067;-3.619783;730;0;4;343;3716;13.2;141.1;;;
37.788868;-3.618673;734;0;4;347;3712;13.3;141;;;
37.788669;-3.617563;739;0;5;351;3708;13.4;140.9;;;
37.788540;-3.616453;745;0;5;357;3702;13.5;140.8;6;;
37.788638;-3.615321;748;0;4;361;3698;13.6;140.7;;;
37.788731;-3.614190;752;0;3;364;3695;13.7;140.6;;;
37.788825;-3.613058;755;0;3;368;3691;13.8;140.5;;;
37.788919;-3.611926;758;0;2;370;3689;13.9;140.4;;;
37.789013;-3.610794;760;0;2;373;3686;14;140.3;;;
37.789113;-3.609663;762;0;2;375;3684;14.1;140.2;;;
37.789286;-3.608556;764;0;1;376;3683;14.2;140.1;;;
37.789340;-3.607451;764;0;0;377;3682;14.3;140;;;
37.789506;-3.606332;764;0;-1;377;3682;14.4;139.9;;;
37.789672;-3.605214;763;0;-1;377;3682;14.5;139.8;;;
37.789734;-3.604090;761;0;-2;377;3682;14.6;139.7;;;
37.789650;-3.602957;759;0;-2;377;3682;14.7;139.6;;;
37.789877;-3.601884;757;0;-2;377;3682;14.8;139.5;;;
37.790557;-3.601189;755;0;-1;377;3682;14.9;139.4;;;
37.791440;-3.601130;754;0;-1;377;3682;15;139.3;;;
37.792322;-3.601351;753;0;-1;377;3682;15.1;139.2;;;
37.793205;-3.601572;752;0;-1;377;3682;15.2;139.1;;;
37.794087;-3.601793;750;0;-1;377;3682;15.3;139;;;
37.794967;-3.601953;749;0;-2;377;3682;15.4;138.9;;;
37.795736;-3.601440;746;0;-2;377;3682;15.5;138.8;;;
37.796097;-3.600431;744;0;-2;377;3682;15.6;138.7;;;
37.796321;-3.599329;742;0;-3;377;3682;15.7;138.6;;;
37.796557;-3.598232;739;0;-3;377;3682;15.8;138.5;;;
37.796931;-3.597197;736;0;-3;377;3682;15.9;138.4;;;
37.797512;-3.596341;733;0;-3;377;3682;16;138.3;;;
37.798138;-3.595524;730;0;-2;377;3682;16.1;138.2;;;
37.798764;-3.594707;728;0;-2;377;3682;16.2;138.1;;;
37.799427;-3.593941;727;0;-1;377;3682;16.3;138;;;
37.800142;-3.593274;726;0;0;377;3682;16.4;137.9;;;
37.801035;-3.593153;726;0;0;377;3682;16.5;137.8;;;
37.801928;-3.593126;726;0;1;377;3682;16.6;137.7;;;
37.802727;-3.592621;727;0;1;378;3681;16.7;137.6;;;
37.803168;-3.591643;728;0;1;379;3680;16.8;137.5;;;
37.803647;-3.590697;729;0;1;380;3679;16.9;137.4;;;
37.804303;-3.589917;729;0;0;380;3679;17;137.3;;;
37.804958;-3.589138;729;0;0;381;3678;17.1;137.2;;;
37.805790;-3.588721;729;0;-1;381;3678;17.2;137.1;;;
37.806635;-3.588328;727;0;-2;381;3678;17.3;137;;;
37.807478;-3.587935;725;0;-2;381;3678;17.4;136.9;;;
37.808323;-3.587542;722;0;-3;381;3678;17.5;136.8;;;
37.809166;-3.587148;719;0;-4;381;3678;17.6;136.7;;;
37.809924;-3.586539;715;0;-4;381;3678;17.7;136.6;;;
37.810579;-3.585771;710;0;-5;381;3678;17.8;136.5;;;
37.811128;-3.584875;705;0;-6;381;3678;17.9;136.4;;;
37.811610;-3.583913;699;0;-6;381;3678;18;136.3;;;
37.812092;-3.582953;693;0;-6;381;3678;18.1;136.2;;;
37.812665;-3.582079;687;0;-6;381;3678;18.2;136.1;;;
37.813372;-3.581389;682;0;-5;381;3678;18.3;136;;;
37.814125;-3.580766;676;0;-5;381;3678;18.4;135.9;;;
37.814878;-3.580143;671;0;-5;381;3678;18.5;135.8;;;
37.815631;-3.579521;667;0;-4;381;3678;18.6;135.7;;;
37.816363;-3.578864;662;0;-5;381;3678;18.7;135.6;;;
37.817036;-3.578108;658;0;-4;381;3678;18.8;135.5;;;
37.817637;-3.577264;654;0;-3;381;3678;18.9;135.4;;;
37.818222;-3.576399;651;0;-3;381;3678;19;135.3;;;
37.818947;-3.575729;648;0;-3;381;3678;19.1;135.2;;;
37.819684;-3.575077;645;0;-3;381;3678;19.2;135.1;;;
37.820420;-3.574424;642;0;-3;381;3678;19.3;135;;;
37.821157;-3.573771;639;0;-3;381;3678;19.4;134.9;;;
37.821894;-3.573118;636;0;-3;381;3678;19.5;134.8;;;
37.822604;-3.572424;633;0;-3;381;3678;19.6;134.7;;;
37.823223;-3.571603;631;0;-2;381;3678;19.7;134.6;;;
37.823752;-3.570683;628;0;-2;381;3678;19.8;134.5;;;
37.824282;-3.569762;626;0;-2;381;3678;19.9;134.4;;;
37.824853;-3.568890;624;0;-2;381;3678;20;134.3;;;
37.825515;-3.568119;622;0;-2;381;3678;20.1;134.2;;;
37.826296;-3.567566;621;0;-1;381;3678;20.2;134.1;;;
37.827097;-3.567048;619;0;-1;381;3678;20.3;134;;;
37.827898;-3.566530;618;0;-1;381;3678;20.4;133.9;;;
37.828699;-3.566012;617;0;-1;381;3678;20.5;133.8;;;
37.829500;-3.565494;617;0;-1;381;3678;20.6;133.7;;;
37.830301;-3.564976;616;0;0;381;3678;20.7;133.6;;;
37.831101;-3.564458;616;0;0;381;3678;20.8;133.5;;;
37.831851;-3.563832;616;0;0;381;3678;20.9;133.4;;;
37.832539;-3.563106;617;0;0;381;3678;21;133.3;;;
37.833152;-3.562280;617;0;0;381;3678;21.1;133.2;;;
37.833439;-3.561201;617;0;0;382;3677;21.2;133.1;;;
37.833615;-3.560108;618;0;0;382;3677;21.3;133;;;
37.833488;-3.558981;618;0;0;383;3676;21.4;132.9;;;
37.833361;-3.557854;618;0;0;383;3676;21.5;132.8;;;
37.833233;-3.556727;619;0;0;383;3676;21.6;132.7;;;
37.833343;-3.555598;619;0;0;384;3675;21.7;132.6;;;
37.833461;-3.554469;619;0;0;384;3675;21.8;132.5;;;
37.833578;-3.553340;618;0;-1;384;3675;21.9;132.4;;;
37.833662;-3.552209;617;0;-2;384;3675;22;132.3;;;
37.833629;-3.551071;614;0;-2;384;3675;22.1;132.2;;;
37.833597;-3.549933;612;0;-3;384;3675;22.2;132.1;;;
37.833685;-3.548813;608;0;-3;384;3675;22.3;132;;;
37.833943;-3.547726;605;0;-4;384;3675;22.4;131.9;;;
37.834406;-3.546750;601;0;-4;384;3675;22.5;131.8;;;
37.834867;-3.545772;596;0;-5;384;3675;22.6;131.7;;;
37.835329;-3.544796;591;0;-5;384;3675;22.7;131.6;;;
37.835708;-3.543769;585;0;-5;384;3675;22.8;131.5;;;
37.836010;-3.542696;580;0;-5;384;3675;22.9;131.4;;;
37.836312;-3.541624;576;0;-4;384;3675;23;131.3;;;
37.836476;-3.540520;571;0;-4;384;3675;23.1;131.2;;;
37.836142;-3.539477;567;0;-4;384;3675;23.2;131.1;;;
37.835736;-3.538476;564;0;-3;384;3675;23.3;131;;;
37.835898;-3.537380;563;0;0;384;3675;23.4;130.9;;;
37.836558;-3.536640;564;0;2;385;3674;23.5;130.8;;;
37.837432;-3.536568;568;0;4;389;3670;23.6;130.7;;;
37.838196;-3.537146;571;0;5;392;3667;23.7;130.6;;;
37.839001;-3.537576;577;0;7;398;3661;23.8;130.5;;;
37.839769;-3.537086;584;0;8;405;3654;23.9;130.4;;;
37.839980;-3.536016;593;0;8;414;3645;24;130.3;;;
37.839788;-3.534904;598;0;5;419;3640;24.1;130.2;;;
37.839561;-3.533802;603;0;6;424;3635;24.2;130.1;;;
37.839454;-3.532673;609;0;5;430;3629;24.3;130;;;
37.839533;-3.531541;614;0;6;435;3624;24.4;129.9;;;
37.839675;-3.530417;621;0;6;442;3617;24.5;129.8;;;
37.839577;-3.529364;627;0;7;448;3611;24.6;129.7;7;;
37.838728;-3.529583;634;0;5;455;3604;24.7;129.6;;;
37.837875;-3.529944;639;0;5;460;3599;24.8;129.5;;;
37.836984;-3.530089;644;0;5;465;3594;24.9;129.4;;;
37.836092;-3.530113;649;0;5;470;3589;25;129.3;;;
37.835333;-3.529527;654;0;4;475;3584;25.1;129.2;;;
37.834734;-3.528679;658;0;4;479;3580;25.2;129.1;;;
37.833953;-3.528125;662;0;5;483;3576;25.3;129;;;
37.833143;-3.527631;667;0;5;488;3571;25.4;128.9;;;
37.832335;-3.527129;671;0;4;492;3567;25.5;128.8;;;
37.831532;-3.526617;674;0;3;495;3564;25.6;128.7;;;
37.830729;-3.526104;678;0;3;499;3560;25.7;128.6;;;
37.829885;-3.525958;681;0;4;502;3557;25.8;128.5;;;
37.829448;-3.526881;685;0;4;506;3553;25.9;128.4;;;
37.829005;-3.527797;689;0;3;510;3549;26;128.3;;;
37.828200;-3.528301;691;0;2;512;3547;26.1;128.2;;;
37.827345;-3.528653;694;0;2;515;3544;26.2;128.1;;;
37.826468;-3.528578;696;0;2;517;3542;26.3;128;;;
37.825791;-3.527847;698;0;1;519;3540;26.4;127.9;;;
37.824951;-3.527442;698;0;0;519;3540;26.5;127.8;;;
37.824090;-3.527136;698;0;0;520;3539;26.6;127.7;;;
37.823198;-3.526989;698;0;0;520;3539;26.7;127.6;;;
37.822315;-3.527123;699;0;0;520;3539;26.8;127.5;;;
37.821845;-3.528065;699;0;1;520;3539;26.9;127.4;;;
37.821640;-3.529174;700;0;1;521;3538;27;127.3;;;
37.821435;-3.530282;700;0;1;521;3538;27.1;127.2;;;
37.821231;-3.531391;701;0;1;522;3537;27.2;127.1;;;
37.820799;-3.532355;703;0;2;524;3535;27.3;127;;;
37.820048;-3.532926;705;0;3;526;3533;27.4;126.9;;;
37.819167;-3.532888;708;0;3;529;3530;27.5;126.8;;;
37.818284;-3.532743;711;0;3;532;3527;27.6;126.7;;;
37.817393;-3.532822;715;0;4;536;3523;27.7;126.6;;;
37.816820;-3.533479;719;0;4;540;3519;27.8;126.5;;;
37.816801;-3.534604;723;0;5;544;3515;27.9;126.4;;;
37.816904;-3.535699;728;0;5;549;3510;28;126.3;;;
37.816158;-3.536207;732;0;4;553;3506;28.1;126.2;;;
37.815281;-3.536137;737;0;5;558;3501;28.2;126.1;;;
37.814394;-3.535956;741;0;4;562;3497;28.3;126;;;
37.813519;-3.535737;745;0;4;566;3493;28.4;125.9;;;
37.812994;-3.534851;748;0;4;569;3490;28.5;125.8;;;
37.812334;-3.534390;752;0;3;573;3486;28.6;125.7;;;
37.811753;-3.535023;755;0;3;576;3483;28.7;125.6;;;
37.811125;-3.534333;758;0;2;579;3480;28.8;125.5;;;
37.810699;-3.535299;760;0;2;581;3478;28.9;125.4;;;
37.809995;-3.535235;762;0;2;583;3476;29;125.3;;;
37.809491;-3.534294;764;0;2;585;3474;29.1;125.2;;;
37.808705;-3.533908;767;0;3;588;3471;29.2;125.1;;;
37.807931;-3.533490;769;0;2;590;3469;29.3;125;;;
37.807566;-3.532450;771;0;2;592;3467;29.4;124.9;;;
37.807117;-3.531472;773;0;2;595;3464;29.5;124.8;;;
37.806563;-3.531271;776;0;3;597;3462;29.6;124.7;;;
37.806004;-3.531968;778;0;2;599;3460;29.7;124.6;;;
37.805119;-3.531827;780;0;2;601;3458;29.8;124.5;;;
37.804387;-3.531353;781;0;1;602;3457;29.9;124.4;;;
37.803941;-3.530366;782;0;1;603;3456;30;124.3;;;
37.803180;-3.530262;783;0;1;605;3454;30.1;124.2;;;
37.802518;-3.530970;784;0;1;605;3454;30.2;124.1;;;
37.802022;-3.530061;785;0;1;606;3453;30.3;124;;;
37.801242;-3.529977;785;0;1;606;3453;30.4;123.9;;;
37.800571;-3.529392;786;0;1;607;3452;30.5;123.8;;;
37.800633;-3.528264;788;0;1;609;3450;30.6;123.7;;;
37.800540;-3.527141;789;0;2;610;3449;30.7;123.6;;;
37.800634;-3.526010;791;0;2;612;3447;30.8;123.5;;;
37.800729;-3.524878;793;0;3;614;3445;30.9;123.4;;;
37.800320;-3.524164;796;0;3;617;3442;31;123.3;;;
37.799474;-3.523912;799;0;3;620;3439;31.1;123.2;;;
37.798739;-3.523485;803;0;4;624;3435;31.2;123.1;;;
37.797880;-3.523817;806;0;5;628;3431;31.3;123;;;
37.797052;-3.523556;812;0;5;633;3426;31.4;122.9;;;
37.796300;-3.522963;816;0;4;637;3422;31.5;122.8;;;
37.795533;-3.522376;820;0;5;642;3417;31.6;122.7;;;
37.794651;-3.522404;826;0;5;647;3412;31.7;122.6;;;
37.793841;-3.521917;831;0;5;652;3407;31.8;122.5;;;
37.793017;-3.521488;836;0;5;657;3402;31.9;122.4;;;
37.792821;-3.520442;841;0;5;662;3397;32;122.3;;;
37.792476;-3.519466;845;0;4;666;3393;32.1;122.2;;;
37.791774;-3.518755;848;0;3;670;3389;32.2;122.1;;;
37.791073;-3.518043;851;0;3;672;3387;32.3;122;;;
37.790319;-3.517432;854;0;2;675;3384;32.4;121.9;;;
37.789512;-3.517052;856;0;1;677;3382;32.5;121.8;;;
37.788722;-3.516567;855;0;-1;677;3382;32.6;121.7;;;
37.788048;-3.515814;855;0;-1;677;3382;32.7;121.6;;;
37.787546;-3.514880;853;0;-3;677;3382;32.8;121.5;;;
37.787191;-3.513841;849;0;-4;677;3382;32.9;121.4;;;
37.786999;-3.512747;845;0;-7;677;3382;33;121.3;;;
37.786858;-3.512854;836;0;-10;677;3382;33.1;121.2;8;;
37.786830;-3.513976;827;0;-8;677;3382;33.2;121.1;;;
37.787001;-3.515072;819;0;-7;677;3382;33.3;121;;;
37.787282;-3.516143;812;0;-7;677;3382;33.4;120.9;;;
37.787466;-3.517257;805;0;-7;677;3382;33.5;120.8;;;
37.787628;-3.518352;798;0;-7;677;3382;33.6;120.7;;;
37.787989;-3.519285;791;0;-7;677;3382;33.7;120.6;;;
37.787422;-3.519120;784;0;-5;677;3382;33.8;120.5;;;
37.787087;-3.518070;780;0;-3;677;3382;33.9;120.4;;;
37.786465;-3.517379;777;0;-1;677;3382;34;120.3;;;
37.785929;-3.518178;778;0;1;677;3382;34.1;120.2;;;
37.785970;-3.519314;779;0;2;679;3380;34.2;120.1;;;
37.785952;-3.520428;782;0;3;682;3377;34.3;120;;;
37.785417;-3.521311;786;0;5;686;3373;34.4;119.9;;;
37.785260;-3.522150;793;0;6;692;3367;34.5;119.8;;;
37.786038;-3.522692;799;0;8;699;3360;34.6;119.7;;;
37.786323;-3.523754;808;0;8;708;3351;34.7;119.6;;;
37.786359;-3.524882;816;0;8;715;3344;34.8;119.5;;;
37.786510;-3.525993;824;0;8;724;3335;34.9;119.4;;;
37.786361;-3.526947;831;0;7;731;3328;35;119.3;;;
37.785777;-3.527806;838;0;9;738;3321;35.1;119.2;;;
37.785435;-3.528786;847;0;8;747;3312;35.2;119.1;;;
37.785247;-3.529806;854;0;7;754;3305;35.3;119;;;
37.784802;-3.530635;860;0;5;760;3299;35.4;118.9;;;
37.784066;-3.531282;865;0;5;765;3294;35.5;118.8;;;
37.783403;-3.532041;871;0;6;770;3289;35.6;118.7;;;
37.783430;-3.533075;877;0;6;776;3283;35.7;118.6;;;
37.784226;-3.533557;882;0;7;782;3277;35.8;118.5;;;
37.784486;-3.534624;890;0;7;789;3270;35.9;118.4;;;
37.784941;-3.535509;897;0;7;797;3262;36;118.3;;;
37.785630;-3.536184;904;0;7;804;3255;36.1;118.2;;;
37.786466;-3.536532;912;0;7;811;3248;36.2;118.1;;;
37.787177;-3.537098;918;0;7;818;3241;36.3;118;;;
37.786550;-3.537795;926;0;7;826;3233;36.4;117.9;;;
37.785734;-3.538273;933;0;7;833;3226;36.5;117.8;;;
37.785697;-3.539112;940;0;7;840;3219;36.6;117.7;;;
37.786338;-3.539876;946;0;5;846;3213;36.7;117.6;;;
37.786112;-3.540945;949;0;3;849;3210;36.8;117.5;;;
37.786059;-3.542080;952;0;1;851;3208;36.9;117.4;;;
37.785898;-3.543184;952;0;0;852;3207;37;117.3;;;
37.785354;-3.544063;951;0;-1;852;3207;37.1;117.2;;;
37.784939;-3.544997;950;0;-2;852;3207;37.2;117.1;;;
37.785073;-3.546121;946;0;-4;852;3207;37.3;117;;;
37.785126;-3.547256;942;0;-4;852;3207;37.4;116.9;;;
37.785149;-3.548393;938;0;-5;852;3207;37.5;116.8;;;
37.784524;-3.548965;933;0;-5;852;3207;37.6;116.7;;;
37.783662;-3.548681;928;0;-5;852;3207;37.7;116.6;;;
37.783786;-3.549596;923;0;-4;852;3207;37.8;116.5;;;
37.784209;-3.550594;919;0;-4;852;3207;37.9;116.4;;;
37.784384;-3.551698;916;0;-3;852;3207;38;116.3;;;
37.783924;-3.552618;912;0;-3;852;3207;38.1;116.2;;;
37.784318;-3.553468;910;0;-2;852;3207;38.2;116.1;;;
37.784392;-3.554592;909;0;-1;852;3207;38.3;116;;;
37.784447;-3.555723;909;0;0;852;3207;38.4;115.9;;;
37.784746;-3.556787;909;0;1;852;3207;38.5;115.8;;;
37.784131;-3.557425;910;0;1;853;3206;38.6;115.7;;;
37.783272;-3.557759;910;0;1;854;3205;38.7;115.6;;;
37.782526;-3.558264;911;0;1;854;3205;38.8;115.5;;;
37.782515;-3.559373;912;0;0;855;3204;38.9;115.4;;;
37.781893;-3.560184;912;0;0;855;3204;39;115.3;;;
37.781535;-3.561179;912;0;0;855;3204;39.1;115.2;;;
37.781391;-3.562303;911;0;-1;855;3204;39.2;115.1;;;
37.781248;-3.563426;910;0;-1;855;3204;39.3;115;;;
37.781342;-3.564537;909;0;-2;855;3204;39.4;114.9;;;
37.781557;-3.565642;907;0;-2;855;3204;39.5;114.8;;;
37.781702;-3.566751;905;0;-2;855;3204;39.6;114.7;;;
37.781010;-3.566244;903;0;-2;855;3204;39.7;114.6;;;
37.780417;-3.565411;901;0;-1;855;3204;39.8;114.5;;;
37.779941;-3.564490;900;0;-1;855;3204;39.9;114.4;;;
37.779465;-3.565332;899;0;-1;855;3204;40;114.3;;;
37.779182;-3.566411;897;0;-2;855;3204;40.1;114.2;;;
37.779262;-3.567528;896;0;-1;855;3204;40.2;114.1;;;
37.779161;-3.568650;894;0;-2;855;3204;40.3;114;;;
37.779280;-3.569777;892;0;-2;855;3204;40.4;113.9;;;
37.779509;-3.570877;890;0;-2;855;3204;40.5;113.8;;;
37.779453;-3.572006;888;0;-3;855;3204;40.6;113.7;;;
37.779267;-3.573119;884;0;-4;855;3204;40.7;113.6;;;
37.779349;-3.574240;880;0;-4;855;3204;40.8;113.5;;;
37.779600;-3.575332;877;0;-4;855;3204;40.9;113.4;;;
37.779831;-3.576432;873;0;-3;855;3204;41;113.3;;;
37.780014;-3.577545;870;0;-3;855;3204;41.1;113.2;;;
37.780099;-3.578678;866;0;-4;855;3204;41.2;113.1;;;
37.780222;-3.579803;862;0;-4;855;3204;41.3;113;;;
37.780382;-3.580916;858;0;-4;855;3204;41.4;112.9;;;
37.780345;-3.582053;855;0;-3;855;3204;41.5;112.8;;;
37.780072;-3.583109;851;0;-4;855;3204;41.6;112.7;;;
37.779374;-3.583811;847;0;-3;855;3204;41.7;112.6;;;
37.779039;-3.584748;844;0;-3;855;3204;41.8;112.5;;;
37.779365;-3.585809;841;0;-3;855;3204;41.9;112.4;;;
37.779695;-3.586867;839;0;-2;855;3204;42;112.3;;;
37.780025;-3.587925;836;0;-2;855;3204;42.1;112.2;;;
37.780355;-3.588984;834;0;-2;855;3204;42.2;112.1;;;
37.780685;-3.590042;832;0;-2;855;3204;42.3;112;;;
37.780757;-3.591110;830;0;-2;855;3204;42.4;111.9;;;
37.779940;-3.591503;829;0;-1;855;3204;42.5;111.8;;;
37.779108;-3.591841;827;0;-1;855;3204;42.6;111.7;;;
37.779436;-3.592606;826;0;-1;855;3204;42.7;111.6;;;
37.780276;-3.593002;825;0;-1;855;3204;42.8;111.5;;;
37.780878;-3.593837;824;0;-1;855;3204;42.9;111.4;;;
37.781412;-3.594752;823;0;-1;855;3204;43;111.3;;;
37.782026;-3.595579;821;0;-2;855;3204;43.1;111.2;;;
37.782582;-3.596458;819;0;-3;855;3204;43.2;111.1;;;
37.783015;-3.597456;816;0;-3;855;3204;43.3;111;;;
37.783332;-3.598520;812;0;-4;855;3204;43.4;110.9;;;
37.783759;-3.599520;808;0;-4;855;3204;43.5;110.8;;;
37.784133;-3.600549;804;0;-4;855;3204;43.6;110.7;;;
37.784419;-3.601628;800;0;-4;855;3204;43.7;110.6;;;
37.784799;-3.602658;797;0;-4;855;3204;43.8;110.5;;;
37.785341;-3.603515;790;0;-6;855;3204;43.9;110.4;9;;
37.786214;-3.603710;786;0;-3;855;3204;44;110.3;;;
37.787106;-3.603856;783;0;-3;855;3204;44.1;110.2;;;
37.787998;-3.603994;781;0;-3;855;3204;44.2;110.1;;;
37.788846;-3.604216;776;0;-5;855;3204;44.3;110;;;
37.788922;-3.605350;771;0;-4;855;3204;44.4;109.9;;;
37.788907;-3.606487;768;0;-3;855;3204;44.5;109.8;;;
37.788860;-3.607624;765;0;-3;855;3204;44.6;109.7;;;
37.788878;-3.608732;761;0;-5;855;3204;44.7;109.6;;;
37.789123;-3.609713;757;0;-3;855;3204;44.8;109.5;;;
37.789027;-3.610844;754;0;-3;855;3204;44.9;109.4;;;
37.788946;-3.611977;750;0;-4;855;3204;45;109.3;;;
37.788834;-3.613106;746;0;-3;855;3204;45.1;109.2;;;
37.788739;-3.614238;744;0;-3;855;3204;45.2;109.1;;;
37.788645;-3.615370;741;0;-2;855;3204;45.3;109;;;
37.788547;-3.616501;739;0;-3;855;3204;45.4;108.9;;;
37.787794;-3.616887;736;0;-1;855;3204;45.5;108.8;;;
37.786896;-3.616901;736;0;1;855;3204;45.6;108.7;;;
37.786057;-3.616567;737;0;1;856;3203;45.7;108.6;;;
37.785278;-3.615998;739;0;2;858;3201;45.8;108.5;;;
37.784771;-3.615068;741;0;2;860;3199;45.9;108.4;;;
37.784359;-3.614057;744;0;3;863;3196;46;108.3;;;
37.783889;-3.613091;747;0;4;866;3193;46.1;108.2;;;
37.783147;-3.613435;752;0;4;871;3188;46.2;108.1;;;
37.782514;-3.614243;755;0;3;874;3185;46.3;108;;;
37.781812;-3.614935;760;0;4;879;3180;46.4;107.9;;;
37.781036;-3.615510;764;0;4;883;3176;46.5;107.8;;;
37.780295;-3.616152;767;0;3;886;3173;46.6;107.7;;;
37.779576;-3.616834;770;0;3;889;3170;46.7;107.6;;;
37.779045;-3.617691;774;0;4;893;3166;46.8;107.5;;;
37.778248;-3.618217;777;0;4;897;3162;46.9;107.4;;;
37.777510;-3.618850;781;0;4;901;3158;47;107.3;;;
37.776812;-3.619563;786;0;5;905;3154;47.1;107.2;;;
37.776060;-3.620188;791;0;6;911;3148;47.2;107.1;;;
37.775309;-3.620814;797;0;6;917;3142;47.3;107;;;
37.775027;-3.621878;804;0;6;923;3136;47.4;106.9;;;
37.774849;-3.622994;810;0;6;929;3130;47.5;106.8;;;
37.774663;-3.624106;815;0;5;935;3124;47.6;106.7;;;
37.774398;-3.625193;820;0;5;940;3119;47.7;106.6;;;
37.773919;-3.625978;825;0;4;944;3115;47.8;106.5;;;
37.773087;-3.626101;828;0;3;948;3111;47.9;106.4;;;
37.772471;-3.626843;832;0;2;951;3108;48;106.3;;;
37.772272;-3.627910;833;0;2;953;3106;48.1;106.2;;;
37.771669;-3.628754;835;0;1;954;3105;48.2;106.1;;;
37.771095;-3.629621;834;0;-1;954;3105;48.3;106;;;
37.770569;-3.630477;834;0;-1;954;3105;48.4;105.9;;;
37.769823;-3.631113;832;0;-1;954;3105;48.5;105.8;;;
37.769163;-3.631874;831;0;-2;954;3105;48.6;105.7;;;
37.768553;-3.632681;829;0;-2;954;3105;48.7;105.6;;;
37.767781;-3.633265;826;0;-2;954;3105;48.8;105.5;;;
37.766919;-3.633535;824;0;-2;954;3105;48.9;105.4;;;
37.766369;-3.634081;822;0;-2;954;3105;49;105.3;;;
37.765628;-3.634721;820;0;-2;954;3105;49.1;105.2;;;
37.764891;-3.635348;818;0;-1;954;3105;49.2;105.1;;;
37.764256;-3.636062;818;0;0;954;3105;49.3;105;;;
37.763669;-3.636830;818;0;1;954;3105;49.4;104.9;;;
37.762829;-3.637238;819;0;2;956;3103;49.5;104.8;;;
37.762028;-3.637746;822;0;4;959;3100;49.6;104.7;;;
37.761256;-3.638144;827;0;5;964;3095;49.7;104.6;;;
37.760687;-3.639012;833;0;6;969;3090;49.8;104.5;;;
37.759966;-3.639692;840;0;7;976;3083;49.9;104.4;;;
37.759278;-3.640411;848;0;9;985;3074;50;104.3;;;
37.758795;-3.641371;858;0;9;995;3064;50.1;104.2;;;
37.758230;-3.642253;868;0;9;1004;3055;50.2;104.1;;;
37.757482;-3.642873;877;0;9;1013;3046;50.3;104;;;
37.756682;-3.643389;886;0;9;1022;3037;50.4;103.9;;;
37.755843;-3.643795;895;0;9;1032;3027;50.5;103.8;;;
37.755012;-3.644175;905;0;9;1042;3017;50.6;103.7;;;
37.754133;-3.643936;915;0;9;1052;3007;50.7;103.6;;;
37.753289;-3.644120;923;0;7;1060;2999;50.8;103.5;;;
37.752667;-3.644938;929;0;4;1065;2994;50.9;103.4;;;
37.751836;-3.644953;932;0;2;1068;2991;51;103.3;;;
37.750969;-3.644653;933;0;0;1069;2990;51.1;103.2;;;
37.750253;-3.644013;932;0;-2;1070;2989;51.2;103.1;;;
37.749456;-3.643511;929;0;-3;1070;2989;51.3;103;;;
37.748713;-3.642880;925;0;-5;1070;2989;51.4;102.9;;;
37.747876;-3.643071;919;0;-7;1070;2989;51.5;102.8;;;
37.747369;-3.642211;912;0;-9;1070;2989;51.6;102.7;;;
37.747491;-3.641147;902;0;-9;1070;2989;51.7;102.6;;;
37.747885;-3.640125;893;0;-9;1070;2989;51.8;102.5;;;
37.748437;-3.639383;885;0;-9;1070;2989;51.9;102.4;;;
37.747976;-3.638527;875;0;-9;1070;2989;52;102.3;;;
37.747144;-3.638177;867;0;-9;1070;2989;52.1;102.2;;;
37.746273;-3.638428;857;0;-9;1070;2989;52.2;102.1;;;
37.745407;-3.638736;848;0;-8;1070;2989;52.3;102;;;
37.744559;-3.639111;841;0;-6;1070;2989;52.4;101.9;;;
37.743795;-3.639692;835;0;-6;1070;2989;52.5;101.8;;;
37.743045;-3.639960;828;0;-7;1070;2989;52.6;101.7;;;
37.742315;-3.639318;822;0;-6;1070;2989;52.7;101.6;;;
37.741432;-3.639382;817;0;-6;1070;2989;52.8;101.5;;;
37.740643;-3.639863;809;0;-8;1070;2989;52.9;101.4;10;;
37.740982;-3.638838;802;0;-8;1070;2989;53;101.3;;;
37.740669;-3.638241;792;0;-8;1070;2989;53.1;101.2;;;
37.739771;-3.638300;787;0;-5;1070;2989;53.2;101.1;;;
37.738873;-3.638361;782;0;-6;1070;2989;53.3;101;;;
37.737995;-3.638608;775;0;-7;1070;2989;53.4;100.9;;;
37.737117;-3.638853;767;0;-7;1070;2989;53.5;100.8;;;
37.736241;-3.639111;761;0;-6;1070;2989;53.6;100.7;;;
37.735366;-3.639372;755;0;-6;1070;2989;53.7;100.6;;;
37.734635;-3.640029;750;0;-6;1070;2989;53.8;100.5;;;
37.734175;-3.641004;744;0;-5;1070;2989;53.9;100.4;;;
37.733901;-3.642087;739;0;-5;1070;2989;54;100.3;;;
37.733625;-3.643169;734;0;-5;1070;2989;54.1;100.2;;;
37.733329;-3.644243;729;0;-5;1070;2989;54.2;100.1;;;
37.733033;-3.645317;725;0;-5;1070;2989;54.3;100;;;
37.732737;-3.646391;720;0;-4;1070;2989;54.4;99.9;;;
37.732441;-3.647464;716;0;-4;1070;2989;54.5;99.8;;;
37.732144;-3.648538;712;0;-4;1070;2989;54.6;99.7;;;
37.731848;-3.649611;707;0;-4;1070;2989;54.7;99.6;;;
37.731552;-3.650685;703;0;-5;1070;2989;54.8;99.5;;;
37.731255;-3.651759;698;0;-6;1070;2989;54.9;99.4;;;
37.730926;-3.652815;691;0;-7;1070;2989;55;99.3;;;
37.730373;-3.653705;685;0;-6;1070;2989;55.1;99.2;;;
37.729643;-3.654363;678;0;-7;1070;2989;55.2;99.1;;;
37.728782;-3.654692;671;0;-7;1070;2989;55.3;99;;;
37.727921;-3.655020;664;0;-7;1070;2989;55.4;98.9;;;
37.727064;-3.655361;657;0;-7;1070;2989;55.5;98.8;;;
37.726283;-3.655924;650;0;-7;1070;2989;55.6;98.7;;;
37.725503;-3.656490;642;0;-7;1070;2989;55.7;98.6;;;
37.724771;-3.657147;635;0;-8;1070;2989;55.8;98.5;;;
37.724587;-3.658212;626;0;-9;1070;2989;55.9;98.4;;;
37.724474;-3.659328;616;0;-8;1070;2989;56;98.3;;;
37.724124;-3.660375;610;0;-6;1070;2989;56.1;98.2;;;
37.723796;-3.661431;604;0;-6;1070;2989;56.2;98.1;;;
37.723298;-3.662378;598;0;-5;1070;2989;56.3;98;;;
37.722811;-3.663332;593;0;-5;1070;2989;56.4;97.9;;;
37.722471;-3.664382;588;0;-6;1070;2989;56.5;97.8;;;
37.722338;-3.665504;581;0;-5;1070;2989;56.6;97.7;;;
37.722375;-3.666639;577;0;-5;1070;2989;56.7;97.6;;;
37.722577;-3.667745;572;0;-4;1070;2989;56.8;97.5;;;
37.722773;-3.668853;568;0;-5;1070;2989;56.9;97.4;;;
37.722886;-3.669980;563;0;-6;1070;2989;57;97.3;;;
37.723111;-3.671081;556;0;-7;1070;2989;57.1;97.2;;;
37.723335;-3.672182;549;0;-6;1070;2989;57.2;97.1;;;
37.723573;-3.673278;543;0;-7;1070;2989;57.3;97;;;
37.723700;-3.674399;536;0;-8;1070;2989;57.4;96.9;;;
37.723677;-3.675533;528;0;-7;1070;2989;57.5;96.8;;;
37.723435;-3.676609;522;0;-6;1070;2989;57.6;96.7;;;
37.723838;-3.677568;516;0;-6;1070;2989;57.7;96.6;;;
37.724697;-3.677868;510;0;-5;1070;2989;57.8;96.5;;;
37.725582;-3.678047;504;0;-6;1070;2989;57.9;96.4;11;;
37.726226;-3.678778;498;0;-5;1070;2989;58;96.3;;;
37.726747;-3.679705;495;0;-3;1070;2989;58.1;96.2;;;
37.727410;-3.680470;491;0;-3;1070;2989;58.2;96.1;;;
37.728175;-3.681066;488;0;-3;1070;2989;58.3;96;;;
37.728965;-3.681608;485;0;-3;1070;2989;58.4;95.9;;;
37.729761;-3.682139;483;0;-3;1070;2989;58.5;95.8;;;
37.730554;-3.682675;480;0;-2;1070;2989;58.6;95.7;;;
37.731343;-3.683220;478;0;-2;1070;2989;58.7;95.6;;;
37.732148;-3.683723;476;0;-2;1070;2989;58.8;95.5;;;
37.733031;-3.683832;474;0;-2;1070;2989;58.9;95.4;;;
37.733926;-3.683712;472;0;-2;1070;2989;59;95.3;;;
37.734816;-3.683561;471;0;-1;1070;2989;59.1;95.2;;;
37.735694;-3.683673;470;0;0;1070;2989;59.2;95.1;12;;
37.736593;-3.683633;471;0;1;1070;2989;59.3;95;;;
37.737070;-3.684496;473;0;3;1072;2987;59.4;94.9;;;
37.736834;-3.685549;477;0;5;1077;2982;59.5;94.8;;;
37.737660;-3.685494;483;0;5;1082;2977;59.6;94.7;;;
37.738516;-3.685168;489;0;7;1088;2971;59.7;94.6;;;
37.738618;-3.685973;496;0;7;1095;2964;59.8;94.5;;;
37.738119;-3.686919;504;0;8;1103;2956;59.9;94.4;;;
37.737595;-3.687808;512;0;9;1111;2948;60;94.3;;;
37.737368;-3.688646;522;0;9;1121;2938;60.1;94.2;;;
37.737469;-3.689771;530;0;9;1129;2930;60.2;94.1;;;
37.737908;-3.689237;542;0;9;1141;2918;60.3;94;;;
37.738312;-3.688475;551;0;9;1151;2908;60.4;93.9;;;
37.738875;-3.689230;561;0;8;1160;2899;60.5;93.8;;;
37.739765;-3.689152;567;0;7;1167;2892;60.6;93.7;;;
37.740658;-3.689171;575;0;7;1174;2885;60.7;93.6;;;
37.741542;-3.689037;581;0;6;1180;2879;60.8;93.5;;;
37.742302;-3.689504;587;0;6;1187;2872;60.9;93.4;;;
37.742774;-3.690463;592;0;4;1191;2868;61;93.3;;;
37.742907;-3.691572;595;0;3;1194;2865;61.1;93.2;;;
37.743138;-3.692607;598;0;2;1197;2862;61.2;93.1;13;;
37.743772;-3.693389;599;0;1;1199;2860;61.3;93;;;
37.744204;-3.694370;600;0;1;1199;2860;61.4;92.9;;;
37.744808;-3.695206;601;0;1;1200;2859;61.5;92.8;;;
37.745668;-3.695516;601;0;0;1200;2859;61.6;92.7;;;
37.746502;-3.695915;602;0;0;1201;2858;61.7;92.6;;;
37.747093;-3.696766;602;0;0;1201;2858;61.8;92.5;;;
37.747648;-3.697661;602;0;0;1202;2857;61.9;92.4;;;
37.748215;-3.698543;603;0;0;1202;2857;62;92.3;;;
37.748918;-3.699238;603;0;1;1203;2856;62.1;92.2;;;
37.749636;-3.699917;604;0;1;1203;2856;62.2;92.1;;;
37.750040;-3.700902;605;0;1;1205;2854;62.3;92;;;
37.750073;-3.702039;606;0;1;1205;2854;62.4;91.9;;;
37.750387;-3.703085;607;0;0;1206;2853;62.5;91.8;;;
37.751073;-3.703787;607;0;0;1206;2853;62.6;91.7;;;
37.751910;-3.704195;606;0;-1;1206;2853;62.7;91.6;;;
37.752590;-3.704915;605;0;-2;1206;2853;62.8;91.5;;;
37.753055;-3.705885;603;0;-2;1206;2853;62.9;91.4;;;
37.753510;-3.706867;601;0;-3;1206;2853;63;91.3;;;
37.753963;-3.707849;598;0;-3;1206;2853;63.1;91.2;;;
37.754316;-3.708889;594;0;-4;1206;2853;63.2;91.1;;;
37.754493;-3.710005;590;0;-5;1206;2853;63.3;91;;;
37.754832;-3.711036;584;0;-6;1206;2853;63.4;90.9;;;
37.755603;-3.711592;578;0;-6;1206;2853;63.5;90.8;;;
37.756433;-3.712029;571;0;-7;1206;2853;63.6;90.7;;;
37.757122;-3.712734;564;0;-7;1206;2853;63.7;90.6;;;
37.757426;-3.713787;557;0;-7;1206;2853;63.8;90.5;;;
37.757672;-3.714881;550;0;-7;1206;2853;63.9;90.4;;;
37.757917;-3.715975;544;0;-6;1206;2853;64;90.3;;;
37.758164;-3.717069;538;0;-5;1206;2853;64.1;90.2;;;
37.758409;-3.718164;533;0;-5;1206;2853;64.2;90.1;;;
37.758404;-3.719253;528;0;-4;1206;2853;64.3;90;;;
37.758080;-3.720274;524;0;-4;1206;2853;64.4;89.9;;;
37.758286;-3.721353;521;0;-3;1206;2853;64.5;89.8;;;
37.758538;-3.722441;518;0;-3;1206;2853;64.6;89.7;;;
37.758692;-3.723541;515;0;-3;1206;2853;64.7;89.6;;;
37.758428;-3.724628;513;0;-2;1206;2853;64.8;89.5;;;
37.758397;-3.725764;511;0;-2;1206;2853;64.9;89.4;;;
37.758335;-3.726894;508;0;-3;1206;2853;65;89.3;;;
37.758095;-3.727985;505;0;-3;1206;2853;65.1;89.2;;;
37.758217;-3.729098;501;0;-3;1206;2853;65.2;89.1;;;
37.758472;-3.730177;498;0;-4;1206;2853;65.3;89;;;
37.758487;-3.731315;494;0;-4;1206;2853;65.4;88.9;;;
37.758700;-3.732417;489;0;-5;1206;2853;65.5;88.8;;;
37.759030;-3.733467;483;0;-6;1206;2853;65.6;88.7;;;
37.759362;-3.734519;478;0;-5;1206;2853;65.7;88.6;;;
37.759434;-3.735651;472;0;-6;1206;2853;65.8;88.5;;;
37.759486;-3.736787;466;0;-7;1206;2853;65.9;88.4;;;
37.759586;-3.737915;458;0;-8;1206;2853;66;88.3;;;
37.759863;-3.738997;452;0;-7;1206;2853;66.1;88.2;;;
37.760329;-3.739966;445;0;-7;1206;2853;66.2;88.1;;;
37.760648;-3.741029;437;0;-8;1206;2853;66.3;88;;;
37.760463;-3.742122;430;0;-7;1206;2853;66.4;87.9;;;
37.760176;-3.743197;424;0;-6;1206;2853;66.5;87.8;;;
37.760128;-3.744331;418;0;-6;1206;2853;66.6;87.7;;;
37.760185;-3.745454;413;0;-6;1206;2853;66.7;87.6;;;
37.760369;-3.746562;407;0;-5;1206;2853;66.8;87.5;;;
37.760413;-3.747698;403;0;-4;1206;2853;66.9;87.4;;;
37.760732;-3.748752;399;0;-5;1206;2853;67;87.3;;;
37.760749;-3.749878;395;0;-3;1206;2853;67.1;87.2;;;
37.760701;-3.751014;392;0;-2;1206;2853;67.2;87.1;14;;
37.760666;-3.752150;390;0;-2;1206;2853;67.3;87;;;
37.760719;-3.753284;389;0;-1;1206;2853;67.4;86.9;;;
37.760793;-3.754418;389;0;0;1206;2853;67.5;86.8;;;
37.760884;-3.755549;390;0;1;1207;2852;67.6;86.7;;;
37.761113;-3.756643;392;0;3;1209;2850;67.7;86.6;;;
37.761433;-3.757705;395;0;4;1212;2847;67.8;86.5;;;
37.761462;-3.758834;400;0;5;1217;2842;67.9;86.4;;;
37.761235;-3.759933;404;0;4;1221;2838;68;86.3;;;
37.760991;-3.761028;408;0;5;1226;2833;68.1;86.2;;;
37.760771;-3.762131;414;0;5;1231;2828;68.2;86.1;;;
37.760742;-3.763265;419;0;6;1237;2822;68.3;86;;;
37.760734;-3.764403;425;0;6;1243;2816;68.4;85.9;;;
37.760790;-3.765534;432;0;7;1249;2810;68.5;85.8;;;
37.761135;-3.766578;439;0;6;1256;2803;68.6;85.7;;;
37.761763;-3.767361;444;0;5;1262;2797;68.7;85.6;;;
37.762616;-3.767722;449;0;5;1267;2792;68.8;85.5;;;
37.763350;-3.768351;455;0;7;1273;2786;68.9;85.4;;;
37.763804;-3.769322;462;0;6;1279;2780;69;85.3;;;
37.764148;-3.770373;467;0;6;1285;2774;69.1;85.2;;;
37.764491;-3.771424;473;0;5;1291;2768;69.2;85.1;;;
37.764959;-3.772381;478;0;4;1295;2764;69.3;85;;;
37.765542;-3.773244;482;0;5;1300;2759;69.4;84.9;;;
37.766169;-3.774049;488;0;6;1305;2754;69.5;84.8;;;
37.766929;-3.774652;494;0;6;1312;2747;69.6;84.7;;;
37.767416;-3.775592;500;0;5;1318;2741;69.7;84.6;15;;
37.767781;-3.776632;505;0;5;1323;2736;69.8;84.5;;;
37.768246;-3.777604;511;0;7;1329;2730;69.9;84.4;;;
37.768763;-3.778534;518;0;7;1335;2724;70;84.3;;;
37.769240;-3.779493;526;0;8;1343;2716;70.1;84.2;;;
37.769316;-3.780624;534;0;7;1351;2708;70.2;84.1;;;
37.769344;-3.781758;541;0;7;1358;2701;70.3;84;;;
37.769060;-3.782820;546;0;5;1364;2695;70.4;83.9;;;
37.768684;-3.783846;552;0;5;1369;2690;70.5;83.8;;;
37.768800;-3.784954;556;0;3;1373;2686;70.6;83.7;;;
37.769034;-3.786052;558;0;2;1375;2684;70.7;83.6;;;
37.769539;-3.786712;559;0;0;1376;2683;70.8;83.5;;;
37.770432;-3.786577;558;0;-2;1376;2683;70.9;83.4;;;
37.770667;-3.787405;554;0;-3;1376;2683;71;83.3;;;
37.770657;-3.788539;552;0;-2;1376;2683;71.1;83.2;;;
37.770541;-3.789504;551;0;0;1377;2682;71.2;83.1;;;
37.770165;-3.790527;553;0;5;1378;2681;71.3;83;;;
37.769347;-3.790640;559;0;4;1385;2674;71.4;82.9;;;
37.768464;-3.790755;563;0;3;1389;2670;71.5;82.8;;;
37.767565;-3.790719;566;0;3;1391;2668;71.6;82.7;;;
37.766693;-3.790517;570;0;4;1395;2664;71.7;82.6;;;
37.765973;-3.789919;574;0;6;1400;2659;71.8;82.5;;;
37.765518;-3.789982;579;0;4;1405;2654;71.9;82.4;;;
37.765068;-3.790834;583;0;4;1408;2651;72;82.3;;;
37.764312;-3.790886;586;0;3;1412;2647;72.1;82.2;;;
37.763678;-3.791687;588;0;2;1413;2646;72.2;82.1;;;
37.763184;-3.792582;590;0;2;1415;2644;72.3;82;;;
37.763079;-3.793710;591;0;2;1417;2642;72.4;81.9;;;
37.762874;-3.794787;594;0;2;1419;2640;72.5;81.8;;;
37.762180;-3.795505;596;0;2;1421;2638;72.6;81.7;;;
37.761440;-3.795060;597;0;1;1423;2636;72.7;81.6;;;
37.760808;-3.794252;598;0;0;1423;2636;72.8;81.5;;;
37.759999;-3.793879;598;0;0;1423;2636;72.9;81.4;;;
37.759100;-3.793892;598;0;0;1423;2636;73;81.3;;;
37.758201;-3.793905;597;0;-1;1423;2636;73.1;81.2;;;
37.757301;-3.793918;596;0;-1;1423;2636;73.2;81.1;;;
37.756429;-3.794138;595;0;-2;1423;2636;73.3;81;;;
37.755618;-3.794621;592;0;-2;1423;2636;73.4;80.9;16;;
37.754919;-3.795336;591;0;-1;1423;2636;73.5;80.8;;;
37.754184;-3.795990;590;0;-1;1423;2636;73.6;80.7;;;
37.753405;-3.796558;589;0;-1;1423;2636;73.7;80.6;;;
37.752661;-3.797178;589;0;0;1423;2636;73.8;80.5;;;
37.752293;-3.798215;589;0;1;1424;2635;73.9;80.4;;;
37.751957;-3.799270;590;0;1;1425;2634;74;80.3;;;
37.751606;-3.800317;592;0;2;1427;2632;74.1;80.2;;;
37.751174;-3.801314;594;0;2;1429;2630;74.2;80.1;;;
37.750724;-3.802300;595;0;1;1430;2629;74.3;80;;;
37.750315;-3.803309;597;0;2;1432;2627;74.4;79.9;;;
37.749986;-3.804368;600;0;3;1435;2624;74.5;79.8;;;
37.749657;-3.805426;603;0;3;1438;2621;74.6;79.7;;;
37.749358;-3.806496;606;0;3;1441;2618;74.7;79.6;;;
37.749305;-3.807623;609;0;3;1444;2615;74.8;79.5;;;
37.749373;-3.808757;612;0;3;1446;2613;74.9;79.4;;;
37.749388;-3.809892;616;0;4;1451;2608;75;79.3;;;
37.749097;-3.810963;619;0;3;1454;2605;75.1;79.2;;;
37.748600;-3.811907;622;0;3;1457;2602;75.2;79.1;;;
37.748027;-3.812784;625;0;3;1460;2599;75.3;79;;;
37.747442;-3.813647;628;0;4;1463;2596;75.4;78.9;;;
37.746708;-3.814295;633;0;5;1468;2591;75.5;78.8;;;
37.745853;-3.814623;639;0;5;1474;2585;75.6;78.7;;;
37.744955;-3.814688;644;0;5;1479;2580;75.7;78.6;;;
37.744056;-3.814731;649;0;5;1484;2575;75.8;78.5;;;
37.743158;-3.814768;653;0;4;1488;2571;75.9;78.4;;;
37.742268;-3.814675;657;0;4;1492;2567;76;78.3;;;
37.741469;-3.814156;661;0;4;1496;2563;76.1;78.2;;;
37.740700;-3.813566;665;0;4;1499;2560;76.2;78.1;;;
37.739931;-3.812977;668;0;4;1503;2556;76.3;78;;;
37.739135;-3.812457;673;0;5;1508;2551;76.4;77.9;;;
37.738248;-3.812537;678;0;5;1513;2546;76.5;77.8;;;
37.737368;-3.812673;683;0;5;1518;2541;76.6;77.7;;;
37.736643;-3.812070;690;0;6;1524;2535;76.7;77.6;;;
37.736188;-3.811096;696;0;6;1531;2528;76.8;77.5;;;
37.735419;-3.810554;702;0;6;1537;2522;76.9;77.4;;;
37.734550;-3.810258;709;0;7;1544;2515;77;77.3;;;
37.733682;-3.809960;716;0;7;1551;2508;77.1;77.2;;;
37.732814;-3.809664;723;0;7;1558;2501;77.2;77.1;;;
37.731939;-3.809402;730;0;7;1565;2494;77.3;77;;;
37.731060;-3.809163;737;0;7;1572;2487;77.4;76.9;;;
37.730181;-3.808925;743;0;6;1578;2481;77.5;76.8;;;
37.729301;-3.808686;749;0;5;1584;2475;77.6;76.7;;;
37.728830;-3.807804;754;0;5;1589;2470;77.7;76.6;;;
37.728310;-3.806938;759;0;4;1593;2466;77.8;76.5;;;
37.727573;-3.806287;761;0;2;1596;2463;77.9;76.4;;;
37.726840;-3.805628;762;0;0;1597;2462;78;76.3;;;
37.725970;-3.805532;761;0;-2;1597;2462;78.1;76.2;;;
37.725094;-3.805792;758;0;-4;1597;2462;78.2;76.1;;;
37.724229;-3.806099;754;0;-5;1597;2462;78.3;76;;;
37.723351;-3.806007;749;0;-5;1597;2462;78.4;75.9;;;
37.722506;-3.805619;743;0;-6;1597;2462;78.5;75.8;;;
37.721663;-3.805222;737;0;-7;1597;2462;78.6;75.7;;;
37.720814;-3.804847;730;0;-8;1597;2462;78.7;75.6;;;
37.719921;-3.804747;721;0;-8;1597;2462;78.8;75.5;;;
37.719023;-3.804677;713;0;-7;1597;2462;78.9;75.4;;;
37.718155;-3.804419;707;0;-6;1597;2462;79;75.3;;;
37.717313;-3.804020;700;0;-7;1597;2462;79.1;75.2;;;
37.716428;-3.803902;692;0;-7;1597;2462;79.2;75.1;;;
37.715608;-3.803571;687;0;-5;1597;2462;79.3;75;;;
37.714857;-3.802987;681;0;-6;1597;2462;79.4;74.9;;;
37.713987;-3.802702;675;0;-6;1597;2462;79.5;74.8;;;
37.713112;-3.802438;670;0;-5;1597;2462;79.6;74.7;;;
37.712237;-3.802464;664;0;-5;1597;2462;79.7;74.6;;;
37.711446;-3.803005;659;0;-5;1597;2462;79.8;74.5;;;
37.710607;-3.803386;655;0;-5;1597;2462;79.9;74.4;;;
37.709713;-3.803370;650;0;-6;1597;2462;80;74.3;;;
37.708822;-3.803274;644;0;-7;1597;2462;80.1;74.2;;;
37.708107;-3.803904;636;0;-9;1597;2462;80.2;74.1;;;
37.707334;-3.804417;628;0;-7;1597;2462;80.3;74;;;
37.706439;-3.804461;621;0;-8;1597;2462;80.4;73.9;;;
37.705806;-3.805219;613;0;-8;1597;2462;80.5;73.8;;;
37.705400;-3.806232;605;0;-7;1597;2462;80.6;73.7;;;
37.704776;-3.807037;598;0;-7;1597;2462;80.7;73.6;;;
37.703954;-3.807490;592;0;-6;1597;2462;80.8;73.5;;;
37.703095;-3.807829;586;0;-5;1597;2462;80.9;73.4;;;
37.702237;-3.808166;582;0;-4;1597;2462;81;73.3;;;
37.701378;-3.808504;579;0;-3;1597;2462;81.1;73.2;;;
37.700519;-3.808842;576;0;-2;1597;2462;81.2;73.1;;;
37.699796;-3.809380;574;0;-1;1597;2462;81.3;73;;;
37.698944;-3.809486;575;0;2;1598;2461;81.4;72.9;;;
37.698296;-3.810255;577;0;3;1600;2459;81.5;72.8;;;
37.697703;-3.811110;580;0;3;1603;2456;81.6;72.7;;;
37.697073;-3.811920;584;0;4;1607;2452;81.7;72.6;;;
37.696401;-3.812674;588;0;4;1611;2448;81.8;72.5;;;
37.695731;-3.813431;592;0;4;1615;2444;81.9;72.4;;;
37.695048;-3.814164;597;0;6;1620;2439;82;72.3;;;
37.694665;-3.815188;603;0;6;1626;2433;82.1;72.2;;;
37.694155;-3.816088;609;0;8;1632;2427;82.2;72.1;;;
37.693285;-3.816231;618;0;7;1641;2418;82.3;72;17;;
37.692393;-3.816099;623;0;5;1646;2413;82.4;71.9;;;
37.691584;-3.815603;628;0;4;1651;2408;82.5;71.8;;;
37.690775;-3.815106;632;0;4;1655;2404;82.6;71.7;;;
37.689966;-3.814610;636;0;4;1659;2400;82.7;71.6;;;
37.689157;-3.814114;640;0;4;1663;2396;82.8;71.5;;;
37.688342;-3.813639;643;0;4;1666;2393;82.9;71.4;;;
37.687458;-3.813460;648;0;4;1671;2388;83;71.3;;;
37.686589;-3.813199;652;0;3;1675;2384;83.1;71.2;;;
37.685722;-3.813168;654;0;2;1677;2382;83.2;71.1;;;
37.684886;-3.812754;657;0;2;1680;2379;83.3;71;;;
37.684030;-3.812443;659;0;2;1682;2377;83.4;70.9;;;
37.683458;-3.811580;661;0;2;1684;2375;83.5;70.8;;;
37.682765;-3.811851;663;0;2;1686;2373;83.6;70.7;;;
37.681893;-3.811906;665;0;2;1688;2371;83.7;70.6;;;
37.681052;-3.811511;667;0;2;1690;2369;83.8;70.5;;;
37.680273;-3.810982;669;0;2;1692;2367;83.9;70.4;;;
37.679589;-3.810283;672;0;2;1695;2364;84;70.3;;;
37.678737;-3.809920;674;0;3;1697;2362;84.1;70.2;;;
37.677867;-3.809861;677;0;3;1700;2359;84.2;70.1;;;
37.677069;-3.810325;680;0;3;1703;2356;84.3;70;;;
37.676170;-3.810302;684;0;4;1707;2352;84.4;69.9;;;
37.675271;-3.810278;688;0;4;1711;2348;84.5;69.8;;;
37.674539;-3.809755;692;0;5;1715;2344;84.6;69.7;;;
37.673722;-3.809698;698;0;6;1721;2338;84.7;69.6;;;
37.672878;-3.809369;704;0;6;1727;2332;84.8;69.5;;;
37.672062;-3.808900;709;0;5;1732;2327;84.9;69.4;;;
37.671311;-3.808279;715;0;7;1738;2321;85;69.3;;;
37.670654;-3.807505;723;0;7;1746;2313;85.1;69.2;;;
37.669852;-3.807117;729;0;7;1752;2307;85.2;69.1;;;
37.669070;-3.806559;736;0;7;1759;2300;85.3;69;;;
37.668373;-3.805842;743;0;8;1766;2293;85.4;68.9;;;
37.667879;-3.804963;751;0;7;1774;2285;85.5;68.8;;;
37.667934;-3.803834;757;0;6;1780;2279;85.6;68.7;;;
37.668057;-3.802708;763;0;7;1786;2273;85.7;68.6;;;
37.667715;-3.801709;770;0;8;1793;2266;85.8;68.5;;;
37.667011;-3.801016;778;0;9;1801;2258;85.9;68.4;;;
37.666629;-3.800012;787;0;8;1810;2249;86;68.3;;;
37.666629;-3.798875;793;0;8;1816;2243;86.1;68.2;;;
37.666195;-3.798835;803;0;9;1826;2233;86.2;68.1;;;
37.665676;-3.798825;812;0;7;1834;2225;86.3;68;;;
37.665400;-3.797751;817;0;7;1840;2219;86.4;67.9;;;
37.664552;-3.797560;825;0;6;1848;2211;86.5;67.8;;;
37.663920;-3.796769;831;0;6;1854;2205;86.6;67.7;;;
37.663026;-3.796704;836;0;5;1859;2200;86.7;67.6;;;
37.662230;-3.796233;843;0;6;1866;2193;86.8;67.5;;;
37.661817;-3.795253;849;0;7;1872;2187;86.9;67.4;;;
37.661114;-3.795902;857;0;9;1880;2179;87;67.3;;;
37.660498;-3.795457;867;0;8;1890;2169;87.1;67.2;;;
37.659637;-3.795290;873;0;7;1896;2163;87.2;67.1;;;
37.658923;-3.794722;880;0;7;1903;2156;87.3;67;;;
37.658074;-3.795038;887;0;7;1910;2149;87.4;66.9;;;
37.657259;-3.794639;894;0;7;1917;2142;87.5;66.8;;;
37.656588;-3.793914;901;0;6;1924;2135;87.6;66.7;;;
37.655722;-3.793965;907;0;5;1930;2129;87.7;66.6;;;
37.654885;-3.794376;912;0;6;1935;2124;87.8;66.5;;;
37.654664;-3.795357;919;0;5;1942;2117;87.9;66.4;;;
37.655328;-3.796113;923;0;4;1946;2113;88;66.3;;;
37.655885;-3.796989;928;0;4;1951;2108;88.1;66.2;;;
37.656539;-3.797739;931;0;4;1954;2105;88.2;66.1;;;
37.656652;-3.798850;936;0;5;1959;2100;88.3;66;;;
37.657237;-3.799606;941;0;5;1964;2095;88.4;65.9;;;
37.657560;-3.800621;947;0;6;1970;2089;88.5;65.8;;;
37.658273;-3.801157;954;0;6;1977;2082;88.6;65.7;;;
37.658586;-3.802163;958;0;6;1981;2078;88.7;65.6;;;
37.658745;-3.803179;965;0;6;1988;2071;88.8;65.5;;;
37.658585;-3.804296;971;0;6;1994;2065;88.9;65.4;;;
37.658279;-3.805361;977;0;6;2000;2059;89;65.3;;;
37.658570;-3.806420;982;0;6;2005;2054;89.1;65.2;;;
37.658969;-3.807428;988;0;6;2011;2048;89.2;65.1;;;
37.658956;-3.808561;994;0;6;2017;2042;89.3;65;;;
37.659105;-3.809649;1001;0;7;2024;2035;89.4;64.9;;;
37.659671;-3.810515;1007;0;6;2030;2029;89.5;64.8;;;
37.660115;-3.811108;1015;0;8;2038;2021;89.6;64.7;;;
37.659296;-3.810660;1022;0;6;2045;2014;89.7;64.6;;;
37.658546;-3.810035;1027;0;5;2050;2009;89.8;64.5;;;
37.657863;-3.809298;1032;0;5;2055;2004;89.9;64.4;;;
37.657405;-3.808348;1038;0;5;2061;1998;90;64.3;;;
37.657095;-3.807289;1043;0;5;2066;1993;90.1;64.2;;;
37.656835;-3.806243;1047;0;6;2070;1989;90.2;64.1;;;
37.656808;-3.806728;1055;0;6;2077;1982;90.3;64;;;
37.656550;-3.807730;1059;0;6;2082;1977;90.4;63.9;;;
37.656501;-3.808774;1065;0;5;2088;1971;90.5;63.8;;;
37.656979;-3.809735;1069;0;4;2092;1967;90.6;63.7;;;
37.657392;-3.810735;1073;0;4;2096;1963;90.7;63.6;;;
37.657643;-3.811825;1078;0;5;2100;1959;90.8;63.5;;;
37.657894;-3.812916;1083;0;5;2106;1953;90.9;63.4;;;
37.657951;-3.813908;1089;0;6;2111;1948;91;63.3;;;
37.657848;-3.815006;1094;0;5;2117;1942;91.1;63.2;;;
37.657623;-3.816085;1099;0;5;2122;1937;91.2;63.1;;;
37.657576;-3.817191;1104;0;5;2127;1932;91.3;63;;;
37.657458;-3.818295;1109;0;5;2132;1927;91.4;62.9;;;
37.657525;-3.819421;1114;0;6;2137;1922;91.5;62.8;;;
37.656881;-3.820152;1121;0;6;2144;1915;91.6;62.7;;;
37.656370;-3.821010;1127;0;7;2150;1909;91.7;62.6;;;
37.655848;-3.821816;1134;0;6;2157;1902;91.8;62.5;;;
37.655320;-3.822708;1140;0;8;2163;1896;91.9;62.4;;;
37.655473;-3.823636;1149;0;7;2171;1888;92;62.3;;;
37.655575;-3.824734;1155;0;7;2178;1881;92.1;62.2;;;
37.655131;-3.825675;1163;0;7;2186;1873;92.2;62.1;;;
37.654468;-3.826442;1169;0;6;2192;1867;92.3;62;;;
37.653804;-3.827208;1175;0;6;2198;1861;92.4;61.9;;;
37.653419;-3.828223;1180;0;5;2203;1856;92.5;61.8;;;
37.652910;-3.829138;1185;0;4;2208;1851;92.6;61.7;;;
37.652209;-3.829848;1188;0;3;2211;1848;92.7;61.6;;;
37.651958;-3.830788;1190;0;1;2213;1846;92.8;61.5;18;summit;2
37.652066;-3.831916;1190;0;0;2213;1846;92.9;61.4;;;
37.652204;-3.833038;1189;0;-2;2213;1846;93;61.3;;;
37.652355;-3.834157;1187;0;-3;2213;1846;93.1;61.2;;;
37.652182;-3.835201;1183;0;-3;2213;1846;93.2;61.1;;;
37.651624;-3.836092;1180;0;-4;2213;1846;93.3;61;;;
37.651489;-3.837183;1176;0;-4;2213;1846;93.4;60.9;;;
37.651551;-3.838308;1172;0;-4;2213;1846;93.5;60.8;;;
37.651891;-3.839359;1169;0;-4;2213;1846;93.6;60.7;;;
37.652329;-3.840351;1165;0;-3;2213;1846;93.7;60.6;;;
37.652766;-3.841344;1162;0;-3;2213;1846;93.8;60.5;;;
37.653083;-3.842398;1159;0;-2;2213;1846;93.9;60.4;;;
37.653297;-3.843502;1158;0;-1;2213;1846;94;60.3;;;
37.653510;-3.844605;1156;0;-2;2213;1846;94.1;60.2;;;
37.653719;-3.845710;1154;0;-2;2213;1846;94.2;60.1;;;
37.653799;-3.846836;1153;0;-2;2213;1846;94.3;60;;;
37.653761;-3.847964;1151;0;-2;2213;1846;94.4;59.9;;;
37.653577;-3.849063;1148;0;-3;2213;1846;94.5;59.8;;;
37.653640;-3.850196;1145;0;-3;2213;1846;94.6;59.7;;;
37.653703;-3.851329;1141;0;-5;2213;1846;94.7;59.6;;;
37.653424;-3.852357;1135;0;-5;2213;1846;94.8;59.5;;;
37.653129;-3.853415;1131;0;-5;2213;1846;94.9;59.4;;;
37.653094;-3.854549;1126;0;-5;2213;1846;95;59.3;;;
37.653211;-3.855676;1121;0;-5;2213;1846;95.1;59.2;;;
37.653429;-3.856776;1116;0;-5;2213;1846;95.2;59.1;;;
37.653667;-3.857872;1111;0;-5;2213;1846;95.3;59;;;
37.653855;-3.858982;1105;0;-6;2213;1846;95.4;58.9;;;
37.654221;-3.859931;1099;0;-5;2213;1846;95.5;58.8;;;
37.655046;-3.860342;1094;0;-5;2213;1846;95.6;58.7;;;
37.655404;-3.861351;1090;0;-3;2213;1846;95.7;58.6;;;
37.655328;-3.862475;1087;0;-3;2213;1846;95.8;58.5;;;
37.655592;-3.863560;1085;0;-2;2213;1846;95.9;58.4;;;
37.655894;-3.864629;1084;0;-2;2213;1846;96;58.3;;;
37.656426;-3.865544;1082;0;-2;2213;1846;96.1;58.2;;;
37.657027;-3.866380;1079;0;-3;2213;1846;96.2;58.1;;;
37.657535;-3.867290;1077;0;-3;2213;1846;96.3;58;;;
37.657818;-3.868368;1074;0;-4;2213;1846;96.4;57.9;;;
37.658123;-3.869437;1070;0;-5;2213;1846;96.5;57.8;;;
37.658634;-3.870342;1065;0;-5;2213;1846;96.6;57.7;;;
37.659095;-3.871306;1060;0;-5;2213;1846;96.7;57.6;;;
37.659312;-3.872370;1055;0;-5;2213;1846;96.8;57.5;;;
37.659177;-3.873471;1050;0;-6;2213;1846;96.9;57.4;;;
37.659092;-3.874572;1043;0;-7;2213;1846;97;57.3;;;
37.658714;-3.875573;1036;0;-7;2213;1846;97.1;57.2;;;
37.658733;-3.876705;1030;0;-6;2213;1846;97.2;57.1;;;
37.658377;-3.877722;1024;0;-6;2213;1846;97.3;57;;;
37.657844;-3.878622;1018;0;-5;2213;1846;97.4;56.9;;;
37.657240;-3.879454;1013;0;-5;2213;1846;97.5;56.8;;;
37.656621;-3.880272;1008;0;-4;2213;1846;97.6;56.7;;;
37.656161;-3.881227;1003;0;-5;2213;1846;97.7;56.6;;;
37.656695;-3.882116;998;0;-5;2213;1846;97.8;56.5;;;
37.656935;-3.883174;991;0;-7;2213;1846;97.9;56.4;;;
37.656696;-3.883401;984;0;-5;2213;1846;98;56.3;;;
37.656039;-3.882659;981;0;-5;2213;1846;98.1;56.2;;;
37.655349;-3.883311;975;0;-6;2213;1846;98.2;56.1;;;
37.654784;-3.884064;968;0;-8;2213;1846;98.3;56;;;
37.654464;-3.884958;957;0;-9;2213;1846;98.4;55.9;;;
37.655344;-3.884902;950;0;-9;2213;1846;98.5;55.8;;;
37.655440;-3.885904;939;0;-10;2213;1846;98.6;55.7;;;
37.655289;-3.886943;926;0;-10;2213;1846;98.7;55.6;;;
37.654463;-3.887380;918;0;-7;2213;1846;98.8;55.5;;;
37.653707;-3.887988;912;0;-7;2213;1846;98.9;55.4;;;
37.652905;-3.888477;905;0;-8;2213;1846;99;55.3;;;
37.652519;-3.889438;896;0;-8;2213;1846;99.1;55.2;;;
37.652411;-3.890565;889;0;-8;2213;1846;99.2;55.1;;;
37.652886;-3.891002;881;0;-9;2213;1846;99.3;55;;;
37.653671;-3.891113;873;0;-8;2213;1846;99.4;54.9;;;
37.653808;-3.891844;863;0;-10;2213;1846;99.5;54.8;;;
37.653666;-3.892640;852;0;-8;2213;1846;99.6;54.7;;;
37.653457;-3.893716;846;0;-7;2213;1846;99.7;54.6;;;
37.653225;-3.894804;840;0;-5;2213;1846;99.8;54.5;;;
37.653028;-3.895912;834;0;-6;2213;1846;99.9;54.4;;;
37.653176;-3.897028;828;0;-7;2213;1846;100;54.3;;;
37.653617;-3.897838;819;0;-7;2213;1846;100.1;54.2;;;
37.654448;-3.897415;813;0;-6;2213;1846;100.2;54.1;;;
37.655313;-3.897104;807;0;-8;2213;1846;100.3;54;;;
37.655958;-3.897656;798;0;-10;2213;1846;100.4;53.9;;;
37.655384;-3.897589;783;0;-10;2213;1846;100.5;53.8;;;
37.654596;-3.898111;776;0;-6;2213;1846;100.6;53.7;;;
37.653909;-3.898835;770;0;-6;2213;1846;100.7;53.6;;;
37.653124;-3.899376;764;0;-7;2213;1846;100.8;53.5;;;
37.652322;-3.899553;757;0;-6;2213;1846;100.9;53.4;;;
37.651626;-3.899511;751;0;-4;2213;1846;101;53.3;;;
37.652218;-3.900312;749;0;-1;2213;1846;101.1;53.2;;;
37.651816;-3.901189;749;0;1;2214;1845;101.2;53.1;19;;
37.650953;-3.901486;751;0;2;2215;1844;101.3;53;;;
37.650528;-3.902371;754;0;4;2219;1840;101.4;52.9;;;
37.650244;-3.903444;757;0;3;2222;1837;101.5;52.8;;;
37.649695;-3.904339;760;0;3;2225;1834;101.6;52.7;;;
37.649251;-3.905311;763;0;3;2228;1831;101.7;52.6;;;
37.648791;-3.906282;766;0;2;2230;1829;101.8;52.5;;;
37.648202;-3.907128;768;0;2;2232;1827;101.9;52.4;;;
37.648131;-3.908181;769;0;0;2233;1826;102;52.3;;;
37.647959;-3.909244;767;0;-1;2233;1826;102.1;52.2;;;
37.647783;-3.910355;766;0;-2;2233;1826;102.2;52.1;;;
37.647547;-3.911451;763;0;-4;2233;1826;102.3;52;;;
37.647257;-3.912514;758;0;-6;2233;1826;102.4;51.9;;;
37.647712;-3.913437;752;0;-5;2233;1826;102.5;51.8;;;
37.648369;-3.914161;745;0;-8;2233;1826;102.6;51.7;;;
37.647866;-3.915072;737;0;-7;2233;1826;102.7;51.6;;;
37.647053;-3.915536;731;0;-6;2233;1826;102.8;51.5;;;
37.646208;-3.915927;726;0;-8;2233;1826;102.9;51.4;;;
37.645598;-3.915588;716;0;-8;2233;1826;103;51.3;;;
37.645389;-3.914486;711;0;-5;2233;1826;103.1;51.2;;;
37.645400;-3.913351;707;0;-4;2233;1826;103.2;51.1;;;
37.645527;-3.912230;704;0;-3;2233;1826;103.3;51;;;
37.644998;-3.911397;700;0;-2;2233;1826;103.4;50.9;;;
37.644114;-3.911191;699;0;-1;2233;1826;103.5;50.8;;;
37.643504;-3.911808;699;0;0;2233;1826;103.6;50.7;;;
37.643236;-3.912864;699;0;1;2234;1825;103.7;50.6;;;
37.643489;-3.913944;700;0;1;2235;1824;103.8;50.5;;;
37.643284;-3.915008;702;0;2;2237;1822;103.9;50.4;;;
37.642795;-3.915957;704;0;2;2239;1820;104;50.3;;;
37.642029;-3.916529;706;0;2;2241;1818;104.1;50.2;;;
37.641760;-3.917534;709;0;3;2244;1815;104.2;50.1;;;
37.641512;-3.918349;712;0;3;2247;1812;104.3;50;;;
37.640906;-3.919114;714;0;2;2249;1810;104.4;49.9;;;
37.640040;-3.919115;716;0;1;2251;1808;104.5;49.8;;;
37.639148;-3.918974;717;0;1;2252;1807;104.6;49.7;;;
37.638324;-3.919102;719;0;2;2254;1805;104.7;49.6;;;
37.638160;-3.920214;721;0;1;2256;1803;104.8;49.5;;;
37.638392;-3.921297;722;0;1;2257;1802;104.9;49.4;;;
37.638297;-3.922401;724;0;1;2258;1801;105;49.3;;;
37.638192;-3.923506;725;0;1;2260;1799;105.1;49.2;;;
37.638678;-3.924461;726;0;1;2261;1798;105.2;49.1;;;
37.638920;-3.925545;727;0;0;2262;1797;105.3;49;;;
37.639104;-3.926651;727;0;-1;2262;1797;105.4;48.9;;;
37.639074;-3.927729;726;0;-2;2262;1797;105.5;48.8;;;
37.638261;-3.927914;723;0;-2;2262;1797;105.6;48.7;;;
37.637391;-3.927676;721;0;-3;2262;1797;105.7;48.6;;;
37.636505;-3.927543;717;0;-4;2262;1797;105.8;48.5;;;
37.635631;-3.927693;713;0;-4;2262;1797;105.9;48.4;;;
37.634763;-3.927914;708;0;-5;2262;1797;106;48.3;;;
37.634030;-3.927480;703;0;-5;2262;1797;106.1;48.2;;;
37.633233;-3.927179;698;0;-5;2262;1797;106.2;48.1;;;
37.632516;-3.926523;694;0;-4;2262;1797;106.3;48;;;
37.631773;-3.926010;691;0;-3;2262;1797;106.4;47.9;;;
37.631114;-3.925297;688;0;-3;2262;1797;106.5;47.8;;;
37.630481;-3.924525;686;0;-2;2262;1797;106.6;47.7;;;
37.629618;-3.924463;684;0;-2;2262;1797;106.7;47.6;;;
37.629203;-3.923479;682;0;-2;2262;1797;106.8;47.5;;;
37.629055;-3.922360;681;0;-1;2262;1797;106.9;47.4;;;
37.628782;-3.921280;679;0;-2;2262;1797;107;47.3;;;
37.628322;-3.921622;676;0;-3;2262;1797;107.1;47.2;;;
37.627923;-3.922582;673;0;-3;2262;1797;107.2;47.1;;;
37.627291;-3.923371;670;0;-3;2262;1797;107.3;47;;;
37.626625;-3.922840;666;0;-3;2262;1797;107.4;46.9;;;
37.626194;-3.921843;664;0;-3;2262;1797;107.5;46.8;;;
37.625986;-3.920745;661;0;-2;2262;1797;107.6;46.7;;;
37.625569;-3.919762;659;0;-2;2262;1797;107.7;46.6;;;
37.624923;-3.918972;657;0;-2;2262;1797;107.8;46.5;;;
37.624278;-3.918181;656;0;-1;2262;1797;107.9;46.4;;;
37.623633;-3.917390;654;0;-1;2262;1797;108;46.3;;;
37.622984;-3.916604;653;0;-1;2262;1797;108.1;46.2;;;
37.622230;-3.916056;651;0;-1;2262;1797;108.2;46.1;;;
37.621349;-3.915962;650;0;-2;2262;1797;108.3;46;;;
37.620506;-3.915890;647;0;-3;2262;1797;108.4;45.9;;;
37.619650;-3.915833;645;0;-3;2262;1797;108.5;45.8;;;
37.618769;-3.916059;642;0;-3;2262;1797;108.6;45.7;;;
37.617969;-3.916516;638;0;-4;2262;1797;108.7;45.6;;;
37.617247;-3.917192;633;0;-4;2262;1797;108.8;45.5;;;
37.616728;-3.918119;629;0;-5;2262;1797;108.9;45.4;;;
37.615980;-3.918526;624;0;-5;2262;1797;109;45.3;;;
37.615709;-3.917536;619;0;-3;2262;1797;109.1;45.2;;;
37.614877;-3.917876;618;0;0;2262;1797;109.2;45.1;;;
37.614021;-3.917627;618;0;1;2262;1797;109.3;45;20;;
37.613406;-3.916848;620;0;3;2264;1795;109.4;44.9;;;
37.612961;-3.916033;625;0;4;2269;1790;109.5;44.8;;;
37.612119;-3.916108;629;0;5;2273;1786;109.6;44.7;;;
37.611628;-3.915165;634;0;5;2278;1781;109.7;44.6;;;
37.611083;-3.914272;638;0;4;2283;1776;109.8;44.5;;;
37.610448;-3.913474;642;0;4;2286;1773;109.9;44.4;;;
37.609627;-3.913071;647;0;5;2292;1767;110;44.3;;;
37.608741;-3.913263;652;0;5;2296;1763;110.1;44.2;;;
37.608109;-3.912577;657;0;5;2301;1758;110.2;44.1;;;
37.607336;-3.912028;663;0;6;2307;1752;110.3;44;;;
37.606448;-3.911852;668;0;5;2312;1747;110.4;43.9;;;
37.605717;-3.911274;674;0;5;2318;1741;110.5;43.8;;;
37.604934;-3.910857;679;0;6;2323;1736;110.6;43.7;;;
37.604103;-3.910499;685;0;5;2329;1730;110.7;43.6;;;
37.603213;-3.910378;689;0;6;2334;1725;110.8;43.5;;;
37.602643;-3.909766;696;0;8;2341;1718;110.9;43.4;;;
37.602123;-3.908933;705;0;7;2349;1710;111;43.3;;;
37.601759;-3.907953;711;0;7;2355;1704;111.1;43.2;;;
37.600938;-3.908337;718;0;6;2362;1697;111.2;43.1;;;
37.600617;-3.909308;724;0;7;2369;1690;111.3;43;;;
37.600295;-3.910323;732;0;7;2376;1683;111.4;42.9;;;
37.599676;-3.909838;739;0;6;2383;1676;111.5;42.8;;;
37.599681;-3.908712;744;0;4;2388;1671;111.6;42.7;;;
37.599654;-3.907593;749;0;5;2393;1666;111.7;42.6;;;
37.599345;-3.906593;753;0;4;2397;1662;111.8;42.5;;;
37.599381;-3.905494;757;0;3;2401;1658;111.9;42.4;;;
37.598590;-3.905000;760;0;2;2404;1655;112;42.3;;;
37.597718;-3.904746;761;0;1;2406;1653;112.1;42.2;;;
37.596825;-3.904755;762;0;0;2406;1653;112.2;42.1;;;
37.595960;-3.904513;762;0;-1;2406;1653;112.3;42;;;
37.595089;-3.904779;761;0;-2;2406;1653;112.4;41.9;;;
37.594681;-3.904055;757;0;-4;2406;1653;112.5;41.8;;;
37.595354;-3.903345;753;0;-5;2406;1653;112.6;41.7;;;
37.595468;-3.902342;747;0;-5;2406;1653;112.7;41.6;;;
37.594930;-3.901453;743;0;-6;2406;1653;112.8;41.5;;;
37.594083;-3.901167;736;0;-6;2406;1653;112.9;41.4;;;
37.593471;-3.900596;731;0;-5;2406;1653;113;41.3;;;
37.592718;-3.900561;726;0;-5;2406;1653;113.1;41.2;;;
37.591986;-3.900230;721;0;-6;2406;1653;113.2;41.1;;;
37.591191;-3.899974;715;0;-6;2406;1653;113.3;41;;;
37.590344;-3.899804;709;0;-5;2406;1653;113.4;40.9;;;
37.589544;-3.900295;704;0;-5;2406;1653;113.5;40.8;;;
37.588712;-3.899968;699;0;-5;2406;1653;113.6;40.7;;;
37.588051;-3.900545;694;0;-5;2406;1653;113.7;40.6;;;
37.587311;-3.900965;688;0;-5;2406;1653;113.8;40.5;;;
37.586506;-3.901396;683;0;-5;2406;1653;113.9;40.4;;;
37.586142;-3.902417;678;0;-5;2406;1653;114;40.3;;;
37.585981;-3.903506;673;0;-5;2406;1653;114.1;40.2;;;
37.585562;-3.904482;669;0;-4;2406;1653;114.2;40.1;;;
37.585022;-3.905373;665;0;-5;2406;1653;114.3;40;;;
37.584517;-3.906268;661;0;-4;2406;1653;114.4;39.9;;;
37.584063;-3.907173;657;0;-4;2406;1653;114.5;39.8;;;
37.583390;-3.907925;653;0;-4;2406;1653;114.6;39.7;;;
37.583087;-3.908982;649;0;-3;2406;1653;114.7;39.6;;;
37.583014;-3.910098;647;0;-3;2406;1653;114.8;39.5;;;
37.583179;-3.911205;644;0;-2;2406;1653;114.9;39.4;;;
37.582948;-3.912291;642;0;-2;2406;1653;115;39.3;;;
37.582294;-3.912962;641;0;0;2406;1653;115.1;39.2;;;
37.582926;-3.913383;643;0;2;2408;1651;115.2;39.1;;;
37.583759;-3.913731;645;0;4;2410;1649;115.3;39;;;
37.584197;-3.914339;652;0;8;2417;1642;115.4;38.9;;;
37.583409;-3.913953;660;0;7;2425;1634;115.5;38.8;;;
37.582532;-3.913853;667;0;8;2432;1627;115.6;38.7;;;
37.581728;-3.913506;675;0;8;2440;1619;115.7;38.6;;;
37.580912;-3.913117;682;0;7;2447;1612;115.8;38.5;;;
37.580043;-3.912851;690;0;7;2455;1604;115.9;38.4;;;
37.579162;-3.912969;696;0;7;2461;1598;116;38.3;;;
37.578484;-3.913688;704;0;8;2469;1590;116.1;38.2;;;
37.578014;-3.914606;712;0;8;2477;1582;116.2;38.1;;;
37.577621;-3.915622;718;0;5;2483;1576;116.3;38;;;
37.576901;-3.916196;723;0;4;2488;1571;116.4;37.9;;;
37.576147;-3.916757;725;0;2;2490;1569;116.5;37.8;;;
37.575681;-3.917721;727;0;1;2492;1567;116.6;37.7;;;
37.575146;-3.918613;728;0;0;2493;1566;116.7;37.6;;;
37.574277;-3.918906;728;0;-1;2493;1566;116.8;37.5;;;
37.573439;-3.919236;726;0;-2;2493;1566;116.9;37.4;;;
37.572550;-3.919406;724;0;-3;2493;1566;117;37.3;;;
37.571717;-3.919482;720;0;-6;2493;1566;117.1;37.2;;;
37.570916;-3.919684;713;0;-7;2493;1566;117.2;37.1;;;
37.570080;-3.920037;706;0;-7;2493;1566;117.3;37;;;
37.569271;-3.920450;700;0;-7;2493;1566;117.4;36.9;;;
37.568413;-3.920783;693;0;-10;2493;1566;117.5;36.8;;;
37.568354;-3.921679;680;0;-9;2493;1566;117.6;36.7;;;
37.567499;-3.922028;673;0;-7;2493;1566;117.7;36.6;;;
37.566665;-3.922450;666;0;-6;2493;1566;117.8;36.5;;;
37.565878;-3.922970;660;0;-6;2493;1566;117.9;36.4;;;
37.565337;-3.923773;654;0;-6;2493;1566;118;36.3;;;
37.565561;-3.924772;649;0;-4;2493;1566;118.1;36.2;;;
37.565279;-3.925751;646;0;-2;2493;1566;118.2;36.1;;;
37.564941;-3.926765;644;0;-1;2493;1566;118.3;36;;;
37.564804;-3.927863;643;0;-1;2493;1566;118.4;35.9;;;
37.564539;-3.928947;643;0;0;2493;1566;118.5;35.8;;;
37.564100;-3.929921;643;0;0;2493;1566;118.6;35.7;;;
37.563398;-3.930628;643;0;1;2494;1565;118.7;35.6;;;
37.562808;-3.931475;645;0;2;2496;1563;118.8;35.5;;;
37.562310;-3.932411;648;0;3;2498;1561;118.9;35.4;;;
37.561890;-3.933406;651;0;3;2502;1557;119;35.3;;;
37.561533;-3.934439;654;0;3;2505;1554;119.1;35.2;;;
37.560882;-3.934759;658;0;4;2509;1550;119.2;35.1;;;
37.560465;-3.935157;661;0;3;2512;1547;119.3;35;;;
37.559661;-3.935449;664;0;3;2515;1544;119.4;34.9;;;
37.558971;-3.936119;666;0;2;2517;1542;119.5;34.8;;;
37.558438;-3.937023;668;0;1;2519;1540;119.6;34.7;;;
37.557936;-3.937943;669;0;1;2520;1539;119.7;34.6;;;
37.557508;-3.938925;670;0;1;2521;1538;119.8;34.5;;;
37.556854;-3.939689;671;0;1;2522;1537;119.9;34.4;;;
37.556436;-3.940687;672;0;1;2522;1537;120;34.3;;;
37.555959;-3.941629;672;0;1;2523;1536;120.1;34.2;;;
37.555419;-3.942519;673;0;1;2524;1535;120.2;34.1;;;
37.554797;-3.943290;674;0;1;2525;1534;120.3;34;;;
37.554111;-3.944015;675;0;1;2526;1533;120.4;33.9;;;
37.553520;-3.944828;677;0;2;2527;1532;120.5;33.8;;;
37.552637;-3.945016;679;0;2;2529;1530;120.6;33.7;;;
37.551777;-3.945304;680;0;1;2531;1528;120.7;33.6;;;
37.550966;-3.945635;682;0;2;2532;1527;120.8;33.5;;;
37.550235;-3.946225;684;0;2;2535;1524;120.9;33.4;;;
37.549341;-3.946309;686;0;1;2536;1523;121;33.3;;;
37.548443;-3.946274;687;0;1;2537;1522;121.1;33.2;;;
37.547584;-3.945970;687;0;0;2537;1522;121.2;33.1;;;
37.546694;-3.945802;686;0;-1;2537;1522;121.3;33;;;
37.545846;-3.945442;686;0;-1;2537;1522;121.4;32.9;;;
37.544951;-3.945414;684;0;-2;2537;1522;121.5;32.8;;;
37.544060;-3.945335;682;0;-3;2537;1522;121.6;32.7;;;
37.543175;-3.945137;679;0;-3;2537;1522;121.7;32.6;;;
37.542281;-3.945085;676;0;-4;2537;1522;121.8;32.5;;;
37.541388;-3.945025;672;0;-4;2537;1522;121.9;32.4;;;
37.540497;-3.944942;667;0;-5;2537;1522;122;32.3;;;
37.539628;-3.945191;662;0;-5;2537;1522;122.1;32.2;;;
37.538771;-3.945531;656;0;-6;2537;1522;122.2;32.1;;;
37.537901;-3.945811;650;0;-5;2537;1522;122.3;32;;;
37.537023;-3.946040;645;0;-6;2537;1522;122.4;31.9;;;
37.536154;-3.945766;640;0;-5;2537;1522;122.5;31.8;;;
37.535382;-3.945211;635;0;-4;2537;1522;122.6;31.7;;;
37.534787;-3.944580;632;0;-2;2537;1522;122.7;31.6;;;
37.533894;-3.944558;631;0;0;2537;1522;122.8;31.5;;;
37.533007;-3.944750;631;0;1;2538;1521;122.9;31.4;;;
37.532585;-3.945667;633;0;3;2539;1520;123;31.3;;;
37.532249;-3.944807;636;0;3;2543;1516;123.1;31.2;21;;
37.532348;-3.943681;639;0;3;2545;1514;123.2;31.1;;;
37.532700;-3.942647;642;0;3;2548;1511;123.3;31;;;
37.533135;-3.941664;645;0;2;2551;1508;123.4;30.9;;;
37.533128;-3.940551;646;0;2;2553;1506;123.5;30.8;;;
37.533169;-3.939437;649;0;2;2555;1504;123.6;30.7;22;sprint;
37.533505;-3.938385;650;0;1;2556;1503;123.7;30.6;;;
37.533844;-3.937335;651;0;0;2557;1502;123.8;30.5;;;
37.534629;-3.937243;650;0;-1;2557;1502;123.9;30.4;23;;
37.535502;-3.937131;649;0;-1;2557;1502;124;30.3;;;
37.535864;-3.936110;648;0;-1;2557;1502;124.1;30.2;;;
37.536376;-3.935222;647;0;0;2557;1502;124.2;30.1;;;
37.537208;-3.934805;647;0;1;2557;1502;124.3;30;;;
37.537959;-3.934217;648;0;2;2558;1501;124.4;29.9;24;;
37.538677;-3.933553;650;0;2;2560;1499;124.5;29.8;;;
37.539317;-3.932757;653;0;3;2563;1496;124.6;29.7;;;
37.539983;-3.931996;656;0;4;2566;1493;124.7;29.6;;;
37.540652;-3.931239;660;0;5;2570;1489;124.8;29.5;;;
37.541284;-3.930435;665;0;6;2576;1483;124.9;29.4;;;
37.541991;-3.929738;671;0;6;2581;1478;125;29.3;;;
37.542724;-3.929090;677;0;6;2587;1472;125.1;29.2;;;
37.543407;-3.928365;684;0;8;2594;1465;125.2;29.1;;;
37.543959;-3.927512;693;0;8;2603;1456;125.3;29;;;
37.544734;-3.926943;701;0;8;2611;1448;125.4;28.9;;;
37.545136;-3.925938;709;0;6;2619;1440;125.5;28.8;;;
37.545317;-3.924857;714;0;8;2624;1435;125.6;28.7;;;
37.546046;-3.924549;724;0;9;2634;1425;125.7;28.6;;;
37.546806;-3.924221;732;0;8;2642;1417;125.8;28.5;;;
37.547215;-3.923262;739;0;8;2649;1410;125.9;28.4;;;
37.547141;-3.922247;749;0;8;2659;1400;126;28.3;;;
37.547904;-3.921693;755;0;6;2665;1394;126.1;28.2;;;
37.548673;-3.921122;762;0;7;2672;1387;126.2;28.1;;;
37.548482;-3.920497;769;0;6;2679;1380;126.3;28;;;
37.547583;-3.920444;774;0;7;2684;1375;126.4;27.9;;;
37.547430;-3.919637;783;0;6;2693;1366;126.5;27.8;;;
37.548078;-3.918851;788;0;6;2698;1361;126.6;27.7;;;
37.548715;-3.918061;794;0;6;2704;1355;126.7;27.6;;;
37.548980;-3.917115;800;0;6;2710;1349;126.8;27.5;;;
37.548393;-3.916750;806;0;6;2716;1343;126.9;27.4;;;
37.548096;-3.915970;812;0;5;2722;1337;127;27.3;;;
37.547513;-3.915373;816;0;3;2726;1333;127.1;27.2;;;
37.547382;-3.914492;819;0;3;2729;1330;127.2;27.1;;;
37.547776;-3.913529;821;0;2;2731;1328;127.3;27;;;
37.547941;-3.912420;822;0;1;2732;1327;127.4;26.9;;;
37.548503;-3.911571;822;0;-1;2732;1327;127.5;26.8;;;
37.549386;-3.911394;821;0;-2;2732;1327;127.6;26.7;;;
37.550197;-3.910931;819;0;-2;2732;1327;127.7;26.6;;;
37.550484;-3.909939;817;0;-2;2732;1327;127.8;26.5;;;
37.550871;-3.908943;815;0;-1;2732;1327;127.9;26.4;;;
37.551222;-3.907915;814;0;-1;2732;1327;128;26.3;;;
37.551246;-3.906781;813;0;0;2732;1327;128.1;26.2;;;
37.551905;-3.906296;813;0;1;2732;1327;128.2;26.1;;;
37.552725;-3.906173;814;0;2;2734;1325;128.3;26;;;
37.553142;-3.907142;817;0;4;2736;1323;128.4;25.9;;;
37.553790;-3.906562;822;0;6;2741;1318;128.5;25.8;;;
37.554275;-3.907180;828;0;6;2748;1311;128.6;25.7;;;
37.554708;-3.908035;834;0;6;2753;1306;128.7;25.6;;;
37.555218;-3.907161;841;0;7;2760;1299;128.8;25.5;;;
37.555708;-3.906216;848;0;7;2767;1292;128.9;25.4;;;
37.556235;-3.905303;856;0;8;2775;1284;129;25.3;;;
37.556083;-3.904228;864;0;7;2783;1276;129.1;25.2;;;
37.556423;-3.903184;870;0;8;2790;1269;129.2;25.1;;;
37.556852;-3.902448;879;0;8;2798;1261;129.3;25;;;
37.557700;-3.902445;886;0;7;2806;1253;129.4;24.9;;;
37.558127;-3.901469;893;0;7;2813;1246;129.5;24.8;;;
37.558413;-3.900445;900;0;7;2820;1239;129.6;24.7;;;
37.559199;-3.899954;907;0;8;2826;1233;129.7;24.6;;;
37.559951;-3.899839;916;0;9;2835;1224;129.8;24.5;;;
37.559878;-3.898738;924;0;7;2843;1216;129.9;24.4;;;
37.560289;-3.897752;930;0;7;2849;1210;130;24.3;;;
37.560884;-3.896999;938;0;7;2857;1202;130.1;24.2;;;
37.560646;-3.895950;945;0;8;2865;1194;130.2;24.1;;;
37.560571;-3.894872;952;0;6;2872;1187;130.3;24;;;
37.560883;-3.893888;958;0;6;2877;1182;130.4;23.9;;;
37.561449;-3.893099;965;0;8;2884;1175;130.5;23.8;;;
37.561391;-3.892019;972;0;7;2892;1167;130.6;23.7;;;
37.561501;-3.890911;979;0;7;2898;1161;130.7;23.6;;;
37.562182;-3.890555;986;0;6;2905;1154;130.8;23.5;;;
37.562745;-3.890584;993;0;6;2912;1147;130.9;23.4;;;
37.562828;-3.891696;997;0;6;2917;1142;131;23.3;;;
37.563578;-3.891152;1004;0;6;2923;1136;131.1;23.2;;;
37.564142;-3.890279;1009;0;6;2928;1131;131.2;23.1;;;
37.564128;-3.889247;1016;0;7;2935;1124;131.3;23;;;
37.564378;-3.888202;1022;0;6;2941;1118;131.4;22.9;;;
37.564078;-3.887184;1029;0;7;2948;1111;131.5;22.8;;;
37.564101;-3.886052;1035;0;6;2954;1105;131.6;22.7;;;
37.564160;-3.884920;1042;0;7;2961;1098;131.7;22.6;;;
37.563951;-3.883856;1049;0;6;2968;1091;131.8;22.5;;;
37.564382;-3.882924;1055;0;5;2974;1085;131.9;22.4;;;
37.564644;-3.881899;1060;0;6;2979;1080;132;22.3;;;
37.564757;-3.880871;1066;0;7;2986;1073;132.1;22.2;;;
37.565575;-3.880412;1072;0;6;2992;1067;132.2;22.1;;;
37.565921;-3.879390;1078;0;5;2997;1062;132.3;22;;;
37.566180;-3.878304;1082;0;4;3002;1057;132.4;21.9;;;
37.566217;-3.877171;1086;0;4;3006;1053;132.5;21.8;;;
37.566452;-3.876080;1090;0;3;3009;1050;132.6;21.7;;;
37.566425;-3.874960;1092;0;3;3012;1047;132.7;21.6;;;
37.566305;-3.873838;1095;0;1;3014;1045;132.8;21.5;;;
37.566261;-3.872713;1095;0;0;3015;1044;132.9;21.4;;;
37.565987;-3.871635;1095;0;-1;3015;1044;133;21.3;;;
37.565702;-3.870564;1094;0;-2;3015;1044;133.1;21.2;;;
37.565459;-3.869484;1091;0;-4;3015;1044;133.2;21.1;25;summit,bonus;2
37.565165;-3.868479;1086;0;-5;3015;1044;133.3;21;;;
37.564815;-3.867523;1081;0;-6;3015;1044;133.4;20.9;;;
37.563994;-3.867340;1075;0;-6;3015;1044;133.5;20.8;;;
37.563730;-3.866271;1069;0;-7;3015;1044;133.6;20.7;;;
37.563314;-3.865429;1061;0;-8;3015;1044;133.7;20.6;;;
37.563129;-3.864376;1054;0;-6;3015;1044;133.8;20.5;;;
37.562978;-3.863277;1047;0;-7;3015;1044;133.9;20.4;;;
37.563291;-3.862430;1039;0;-7;3015;1044;134;20.3;;;
37.564078;-3.861884;1033;0;-6;3015;1044;134.1;20.2;;;
37.564692;-3.861070;1028;0;-7;3015;1044;134.2;20.1;;;
37.564992;-3.860027;1020;0;-7;3015;1044;134.3;20;;;
37.565687;-3.859334;1013;0;-7;3015;1044;134.4;19.9;;;
37.566240;-3.858471;1006;0;-7;3015;1044;134.5;19.8;;;
37.566536;-3.857414;1000;0;-7;3015;1044;134.6;19.7;;;
37.566812;-3.856419;993;0;-7;3015;1044;134.7;19.6;;;
37.567282;-3.855464;987;0;-6;3015;1044;134.8;19.5;;;
37.567934;-3.854802;981;0;-6;3015;1044;134.9;19.4;;;
37.568830;-3.854778;976;0;-5;3015;1044;135;19.3;;;
37.569538;-3.854121;971;0;-7;3015;1044;135.1;19.2;;;
37.569170;-3.853495;963;0;-6;3015;1044;135.2;19.1;;;
37.568307;-3.853369;959;0;-5;3015;1044;135.3;19;;;
37.568447;-3.852340;953;0;-5;3015;1044;135.4;18.9;;;
37.568876;-3.851454;949;0;-5;3015;1044;135.5;18.8;;;
37.569542;-3.850913;944;0;-5;3015;1044;135.6;18.7;;;
37.570137;-3.850204;940;0;-4;3015;1044;135.7;18.6;;;
37.570679;-3.849447;936;0;-4;3015;1044;135.8;18.5;;;
37.571558;-3.849292;932;0;-3;3015;1044;135.9;18.4;;;
37.572133;-3.848423;929;0;-2;3015;1044;136;18.3;;;
37.572898;-3.847985;927;0;-2;3015;1044;136.1;18.2;;;
37.573708;-3.848421;926;0;-1;3015;1044;136.2;18.1;;;
37.574273;-3.847816;925;0;0;3015;1044;136.3;18;;;
37.574757;-3.846959;925;0;0;3015;1044;136.4;17.9;;;
37.575523;-3.847496;926;0;1;3016;1043;136.5;17.8;;;
37.576410;-3.847534;927;0;1;3016;1043;136.6;17.7;;;
37.577269;-3.847779;927;0;0;3017;1042;136.7;17.6;;;
37.577992;-3.847313;927;0;0;3017;1042;136.8;17.5;;;
37.578724;-3.846668;926;0;-2;3017;1042;136.9;17.4;;;
37.579052;-3.845635;924;0;-2;3017;1042;137;17.3;;;
37.579317;-3.844551;921;0;-3;3017;1042;137.1;17.2;;;
37.579660;-3.843503;918;0;-4;3017;1042;137.2;17.1;;;
37.580193;-3.842644;913;0;-5;3017;1042;137.3;17;;;
37.581065;-3.842446;908;0;-6;3017;1042;137.4;16.9;;;
37.581670;-3.841623;902;0;-6;3017;1042;137.5;16.8;;;
37.582433;-3.841038;896;0;-6;3017;1042;137.6;16.7;;;
37.583266;-3.840610;890;0;-6;3017;1042;137.7;16.6;;;
37.584099;-3.840181;884;0;-6;3017;1042;137.8;16.5;;;
37.584304;-3.839176;879;0;-5;3017;1042;137.9;16.4;;;
37.584345;-3.838044;875;0;-4;3017;1042;138;16.3;;;
37.584268;-3.836927;871;0;-4;3017;1042;138.1;16.2;;;
37.584189;-3.835936;867;0;-2;3017;1042;138.2;16.1;;;
37.584731;-3.835046;865;0;-2;3017;1042;138.3;16;;;
37.584987;-3.833962;864;0;-1;3017;1042;138.4;15.9;;;
37.585114;-3.832839;864;0;0;3017;1042;138.5;15.8;;;
37.585339;-3.831743;865;0;1;3017;1042;138.6;15.7;;;
37.585479;-3.830627;866;0;2;3018;1041;138.7;15.6;;;
37.585366;-3.829525;868;0;3;3021;1038;138.8;15.5;;;
37.585839;-3.828586;871;0;3;3023;1036;138.9;15.4;;;
37.586111;-3.827511;874;0;4;3027;1032;139;15.3;;;
37.586306;-3.826404;878;0;4;3031;1028;139.1;15.2;;;
37.586606;-3.825339;883;0;5;3035;1024;139.2;15.1;;;
37.587061;-3.824360;888;0;6;3040;1019;139.3;15;;;
37.587357;-3.823296;894;0;6;3047;1012;139.4;14.9;;;
37.587578;-3.822196;899;0;6;3052;1007;139.5;14.8;26;;
37.587799;-3.821096;905;0;6;3058;1001;139.6;14.7;;;
37.587847;-3.819967;911;0;7;3063;996;139.7;14.6;;;
37.588354;-3.819117;918;0;7;3071;988;139.8;14.5;;;
37.589023;-3.818363;926;0;9;3079;980;139.9;14.4;;;
37.589646;-3.818041;941;0;9;3094;965;140;14.3;;;
37.589945;-3.816971;950;0;8;3103;956;140.1;14.2;;;
37.590189;-3.815882;959;0;9;3111;948;140.2;14.1;;;
37.590225;-3.814785;967;0;6;3119;940;140.3;14;;;
37.590073;-3.813667;971;0;4;3124;935;140.4;13.9;;;
37.590023;-3.812539;975;0;3;3128;931;140.5;13.8;;;
37.590304;-3.811468;977;0;0;3130;929;140.6;13.7;;;
37.591013;-3.811083;975;0;-3;3130;929;140.7;13.6;;;
37.591876;-3.811014;971;0;-6;3130;929;140.8;13.5;;;
37.592668;-3.810515;964;0;-7;3130;929;140.9;13.4;;;
37.593507;-3.810306;957;0;-7;3130;929;141;13.3;;;
37.594291;-3.810859;950;0;-8;3130;929;141.1;13.2;;;
37.595130;-3.811208;941;0;-9;3130;929;141.2;13.1;;;
37.595973;-3.811598;931;0;-10;3130;929;141.3;13;;;
37.596678;-3.812298;922;0;-8;3130;929;141.4;12.9;;;
37.597487;-3.812278;915;0;-8;3130;929;141.5;12.8;;;
37.598283;-3.811837;907;0;-6;3130;929;141.6;12.7;;;
37.599150;-3.811660;903;0;-3;3130;929;141.7;12.6;;;
37.600041;-3.811722;901;0;-1;3130;929;141.8;12.5;;;
37.600933;-3.811676;901;0;1;3130;929;141.9;12.4;;;
37.601745;-3.811215;903;0;2;3131;928;142;12.3;;;
37.602528;-3.810691;906;0;3;3134;925;142.1;12.2;;;
37.603411;-3.810487;910;0;5;3138;921;142.2;12.1;;;
37.604271;-3.810746;916;0;6;3144;915;142.3;12;;;
37.605090;-3.811214;922;0;6;3151;908;142.4;11.9;;;
37.605895;-3.811720;928;0;6;3157;902;142.5;11.8;;;
37.606696;-3.812236;935;0;7;3164;895;142.6;11.7;27;;
37.607356;-3.812993;943;0;8;3172;887;142.7;11.6;;;
37.607872;-3.813923;951;0;8;3180;879;142.8;11.5;;;
37.608392;-3.814846;959;0;8;3188;871;142.9;11.4;;;
37.608302;-3.815928;967;0;9;3196;863;143;11.3;;;
37.608073;-3.816995;978;0;9;3207;852;143.1;11.2;;;
37.608651;-3.817812;986;0;8;3214;845;143.2;11.1;;;
37.609177;-3.818717;995;0;8;3224;835;143.3;11;;;
37.609426;-3.819806;1002;0;8;3231;828;143.4;10.9;;;
37.609968;-3.820664;1010;0;8;3238;821;143.5;10.8;;;
37.610782;-3.821126;1018;0;8;3246;813;143.6;10.7;;;
37.611623;-3.821529;1025;0;7;3254;805;143.7;10.6;;;
37.612470;-3.821908;1032;0;8;3261;798;143.8;10.5;;;
37.613355;-3.821826;1041;0;9;3270;789;143.9;10.4;;;
37.614214;-3.821651;1050;0;9;3279;780;144;10.3;;;
37.614819;-3.822404;1060;0;9;3289;770;144.1;10.2;;;
37.614955;-3.823520;1071;0;9;3300;759;144.2;10.1;;;
37.615515;-3.824325;1081;0;9;3309;750;144.3;10;;;
37.616401;-3.824333;1090;0;9;3318;741;144.4;9.9;;;
37.617294;-3.824205;1099;0;9;3328;731;144.5;9.8;;;
37.618192;-3.824179;1110;0;9;3339;720;144.6;9.7;;;
37.619083;-3.824285;1120;0;9;3349;710;144.7;9.6;;;
37.619917;-3.824705;1131;0;9;3359;700;144.8;9.5;;;
37.620728;-3.825194;1140;0;9;3368;691;144.9;9.4;;;
37.621547;-3.825661;1149;0;9;3377;682;145;9.3;;;
37.622430;-3.825727;1157;0;6;3385;674;145.1;9.2;;;
37.623299;-3.825435;1161;0;4;3390;669;145.2;9.1;;;
37.624163;-3.825119;1165;0;3;3394;665;145.3;9;;;
37.625026;-3.824803;1167;0;2;3396;663;145.4;8.9;;;
37.625892;-3.824495;1169;0;1;3397;662;145.5;8.8;;;
37.626766;-3.824231;1169;0;-1;3398;661;145.6;8.7;;;
37.627656;-3.824332;1168;0;-2;3398;661;145.7;8.6;;;
37.628414;-3.823863;1166;0;-2;3398;661;145.8;8.5;;;
37.629023;-3.823047;1164;0;-1;3398;661;145.9;8.4;;;
37.629829;-3.823168;1166;0;3;3400;659;146;8.3;;;
37.629575;-3.822087;1169;0;4;3403;656;146.1;8.2;28;;
37.629525;-3.820954;1174;0;5;3408;651;146.2;8.1;;;
37.629636;-3.819833;1180;0;7;3414;645;146.3;8;;;
37.630013;-3.818815;1188;0;8;3422;637;146.4;7.9;;;
37.630321;-3.817748;1195;0;7;3429;630;146.5;7.8;;;
37.630508;-3.816638;1202;0;9;3436;623;146.6;7.7;;;
37.630817;-3.815583;1215;0;9;3449;610;146.7;7.6;;;
37.630173;-3.814912;1230;0;9;3464;595;146.8;7.5;;;
37.629710;-3.814034;1241;0;9;3475;584;146.9;7.4;;;
37.629783;-3.812989;1255;0;9;3489;570;147;7.3;;;
37.629894;-3.812028;1268;0;9;3502;557;147.1;7.2;;;
37.629559;-3.810978;1277;0;9;3511;548;147.2;7.1;;;
37.629354;-3.809872;1287;0;9;3521;538;147.3;7;;;
37.628947;-3.808891;1296;0;9;3530;529;147.4;6.9;;;
37.628764;-3.807843;1303;0;8;3537;522;147.5;6.8;;;
37.629298;-3.807925;1312;0;7;3546;513;147.6;6.7;;;
37.630110;-3.808314;1318;0;5;3552;507;147.7;6.6;;;
37.630787;-3.809054;1323;0;4;3557;502;147.8;6.5;;;
37.631526;-3.809690;1326;0;4;3560;499;147.9;6.4;;;
37.632322;-3.810120;1331;0;4;3565;494;148;6.3;;;
37.633181;-3.810005;1336;0;6;3570;489;148.1;6.2;;;
37.633815;-3.810700;1341;0;6;3575;484;148.2;6.1;;;
37.633579;-3.811702;1347;0;6;3581;478;148.3;6;;;
37.633930;-3.812736;1352;0;4;3586;473;148.4;5.9;;;
37.634320;-3.813750;1356;0;4;3590;469;148.5;5.8;;;
37.634643;-3.814797;1360;0;4;3594;465;148.6;5.7;;;
37.635054;-3.815796;1364;0;4;3598;461;148.7;5.6;;;
37.635335;-3.816796;1369;0;7;3603;456;148.8;5.5;;;
37.635709;-3.816045;1377;0;6;3611;448;148.9;5.4;;;
37.635721;-3.814960;1382;0;5;3616;443;149;5.3;;;
37.635245;-3.814021;1387;0;5;3621;438;149.1;5.2;;;
37.635070;-3.812908;1391;0;4;3625;434;149.2;5.1;;;
37.635048;-3.811775;1395;0;6;3629;430;149.3;5;;;
37.635497;-3.810845;1402;0;6;3636;423;149.4;4.9;;;
37.636045;-3.809958;1408;0;5;3642;417;149.5;4.8;;;
37.636768;-3.809309;1414;0;7;3648;411;149.6;4.7;;;
37.637646;-3.809064;1421;0;7;3655;404;149.7;4.6;;;
37.638427;-3.808572;1428;0;9;3662;397;149.8;4.5;;;
37.638381;-3.807481;1438;0;9;3672;387;149.9;4.4;;;
37.638729;-3.806569;1448;0;9;3682;377;150;4.3;;;
37.639440;-3.805878;1458;0;9;3692;367;150.1;4.2;;;
37.639266;-3.805405;1476;0;9;3710;349;150.2;4.1;;;
37.638399;-3.805541;1490;0;9;3724;335;150.3;4;;;
37.637560;-3.805908;1501;0;9;3735;324;150.4;3.9;;;
37.636690;-3.806059;1517;0;9;3751;308;150.5;3.8;;;
37.635833;-3.805745;1529;0;9;3763;296;150.6;3.7;;;
37.635323;-3.804865;1544;0;9;3778;281;150.7;3.6;;;
37.635157;-3.803749;1556;0;9;3790;269;150.8;3.5;;;
37.634836;-3.802690;1568;0;9;3802;257;150.9;3.4;;;
37.634589;-3.801604;1583;0;9;3817;242;151;3.3;;;
37.634497;-3.800496;1598;0;9;3832;227;151.1;3.2;;;
37.634765;-3.799439;1614;0;9;3848;211;151.2;3.1;;;
37.634249;-3.798517;1625;0;9;3859;200;151.3;3;;;
37.633584;-3.797760;1637;0;9;3871;188;151.4;2.9;;;
37.633144;-3.797021;1653;0;9;3887;172;151.5;2.8;;;
37.633973;-3.797077;1667;0;9;3901;158;151.6;2.7;;;
37.634090;-3.796181;1681;0;9;3915;144;151.7;2.6;;;
37.633556;-3.795292;1688;0;8;3922;137;151.8;2.5;;;
37.632736;-3.794878;1695;0;9;3929;130;151.9;2.4;;;
37.632622;-3.794243;1709;0;9;3943;116;152;2.3;;;
37.633094;-3.793429;1716;0;7;3950;109;152.1;2.2;;;
37.633464;-3.792425;1723;0;5;3957;102;152.2;2.1;;;
37.634217;-3.791893;1727;0;4;3961;98;152.3;2;;;
37.635011;-3.791530;1731;0;5;3965;94;152.4;1.9;;;
37.634927;-3.790494;1736;0;5;3970;89;152.5;1.8;;;
37.635428;-3.789575;1741;0;7;3975;84;152.6;1.7;;;
37.635236;-3.788521;1748;0;6;3982;77;152.7;1.6;;;
37.634591;-3.787759;1755;0;9;3989;70;152.8;1.5;;;
37.634853;-3.787171;1768;0;9;4002;57;152.9;1.4;;;
37.634979;-3.786229;1782;0;9;4016;43;153;1.3;;;
37.634464;-3.785298;1791;0;9;4025;34;153.1;1.2;;;
37.634575;-3.784227;1800;0;8;4034;25;153.2;1.1;;;
37.634829;-3.783166;1808;0;5;4042;17;153.3;1;;;
37.634458;-3.782221;1811;0;2;4045;14;153.4;0.9;;;
37.634231;-3.781143;1810;0;-3;4045;14;153.5;0.8;;;
37.634043;-3.780170;1806;0;-4;4045;14;153.6;0.7;;;
37.633404;-3.779385;1802;0;-3;4045;14;153.7;0.6;;;
37.632648;-3.778771;1801;0;1;4045;14;153.8;0.5;;;
37.632180;-3.777832;1803;0;3;4048;11;153.9;0.4;;;
37.631944;-3.776736;1806;0;3;4051;8;154;0.3;;;
37.631695;-3.775648;1808;0;2;4053;6;154.1;0.2;;;
37.631964;-3.774662;1811;0;3;4055;4;154.2;0.1;;;
37.631461;-3.774984;1814;0;3;4058;1;154.3;0;;;
37.631286;-3.775435;1815;0;2;4059;0;154.3;0;29;arrival,summit;1
